order_id,product_id,quantity,unit_price,total_price
1,21,3,372.31,1116.93
1,4,2,135.92,271.84
1,18,1,285.62,285.62
1,83,4,407.82,1631.28
2,68,3,136.09,408.27
2,6,4,488.29,1953.16
2,46,2,492.97,985.94
3,97,1,321.18,321.18
3,64,2,212.08,424.16
3,1,4,152.57,610.28
4,44,1,258.39,258.39
4,88,1,359.06,359.06
4,69,3,206.9,620.7
5,81,3,373.61,1120.83
5,69,2,206.9,413.8
5,71,3,74.9,224.7
5,89,1,393.22,393.22
5,81,2,373.61,747.22
6,9,4,215.93,863.72
6,55,3,395.78,1187.34
7,35,1,444.6,444.6
8,77,4,112.9,451.6
8,97,2,321.18,642.36
8,8,1,319.71,319.71
9,89,2,393.22,786.44
10,87,4,431.37,1725.48
11,94,1,293.06,293.06
11,11,2,461.45,922.9
11,74,3,474.52,1423.56
12,56,1,402.93,402.93
12,7,1,408.98,408.98
12,11,4,461.45,1845.8
12,22,2,227.7,455.4
13,46,4,492.97,1971.88
14,58,3,13.99,41.97
14,21,3,372.31,1116.93
14,61,1,87.4,87.4
15,16,1,236.68,236.68
16,25,4,156.23,624.92
16,92,1,204.25,204.25
16,71,1,74.9,74.9
17,74,2,474.52,949.04
18,74,4,474.52,1898.08
18,74,2,474.52,949.04
19,43,1,210.8,210.8
19,84,2,319.93,639.86
19,50,3,242.52,727.56
19,97,4,321.18,1284.72
20,82,3,173.99,521.97
20,57,3,227.72,683.16
20,82,2,173.99,347.98
21,91,3,238.2,714.6
22,76,4,437.31,1749.24
22,31,4,233.71,934.84
22,20,1,460.98,460.98
22,52,1,240.3,240.3
22,6,4,488.29,1953.16
23,62,4,51.95,207.8
24,61,3,87.4,262.2
24,16,4,236.68,946.72
24,34,4,262.63,1050.52
24,17,3,5.09,15.27
24,25,3,156.23,468.69
25,73,2,378.68,757.36
25,6,2,488.29,976.58
25,56,3,402.93,1208.79
25,3,4,219.13,876.52
26,20,1,460.98,460.98
26,2,1,151.07,151.07
27,5,1,332.05,332.05
27,63,3,302.41,907.23
27,55,2,395.78,791.56
27,95,4,379.73,1518.92
27,40,2,218.76,437.52
28,69,2,206.9,413.8
28,39,2,411.61,823.22
28,57,3,227.72,683.16
28,91,1,238.2,238.2
29,57,3,227.72,683.16
29,30,3,135.32,405.96
29,32,2,244.3,488.6
30,11,2,461.45,922.9
31,99,3,75.12,225.36
31,51,1,369.12,369.12
31,12,3,156.11,468.33
31,38,3,163.7,491.1
31,98,1,120.25,120.25
32,37,3,116.25,348.75
32,10,2,118.83,237.66
32,74,1,474.52,474.52
32,100,2,101.07,202.14
32,47,3,86.41,259.23
33,96,1,320.0,320.0
33,52,3,240.3,720.9
33,31,4,233.71,934.84
33,11,2,461.45,922.9
33,33,1,276.97,276.97
34,27,4,310.02,1240.08
35,16,1,236.68,236.68
35,14,2,159.94,319.88
35,60,1,244.64,244.64
36,72,3,412.97,1238.91
36,60,4,244.64,978.56
36,19,4,260.87,1043.48
37,85,3,359.22,1077.66
38,76,4,437.31,1749.24
38,89,2,393.22,786.44
38,23,1,21.51,21.51
38,49,4,358.98,1435.92
38,92,2,204.25,408.5
39,4,1,135.92,135.92
39,56,3,402.93,1208.79
39,5,4,332.05,1328.2
39,73,3,378.68,1136.04
39,79,3,234.37,703.11
40,79,4,234.37,937.48
41,15,3,67.68,203.04
41,53,2,409.85,819.7
41,9,4,215.93,863.72
41,92,1,204.25,204.25
42,49,3,358.98,1076.94
42,34,4,262.63,1050.52
42,10,4,118.83,475.32
42,12,4,156.11,624.44
43,100,2,101.07,202.14
43,99,2,75.12,150.24
44,23,4,21.51,86.04
44,30,1,135.32,135.32
45,69,2,206.9,413.8
45,40,2,218.76,437.52
45,34,4,262.63,1050.52
46,31,1,233.71,233.71
47,42,4,200.31,801.24
48,56,4,402.93,1611.72
49,43,2,210.8,421.6
49,82,2,173.99,347.98
49,40,1,218.76,218.76
49,52,4,240.3,961.2
49,71,2,74.9,149.8
50,51,1,369.12,369.12
50,2,1,151.07,151.07
50,73,4,378.68,1514.72
50,25,1,156.23,156.23
50,9,4,215.93,863.72
51,91,3,238.2,714.6
51,92,2,204.25,408.5
51,57,4,227.72,910.88
51,7,2,408.98,817.96
52,30,1,135.32,135.32
52,18,1,285.62,285.62
52,22,1,227.7,227.7
52,49,4,358.98,1435.92
52,24,2,116.01,232.02
53,42,2,200.31,400.62
53,3,2,219.13,438.26
54,33,3,276.97,830.91
54,36,4,338.01,1352.04
54,69,2,206.9,413.8
55,96,1,320.0,320.0
56,78,1,309.87,309.87
56,47,1,86.41,86.41
56,3,4,219.13,876.52
56,6,2,488.29,976.58
56,27,3,310.02,930.06
57,46,3,492.97,1478.91
57,41,1,394.68,394.68
57,45,4,440.25,1761.0
57,26,3,233.24,699.72
57,7,3,408.98,1226.94
58,38,4,163.7,654.8
59,26,4,233.24,932.96
59,47,2,86.41,172.82
60,63,2,302.41,604.82
60,54,2,373.97,747.94
60,53,2,409.85,819.7
60,87,4,431.37,1725.48
60,14,1,159.94,159.94
61,44,3,258.39,775.17
61,3,2,219.13,438.26
61,95,3,379.73,1139.19
61,9,4,215.93,863.72
62,74,3,474.52,1423.56
62,70,4,230.78,923.12
62,39,4,411.61,1646.44
62,22,1,227.7,227.7
63,22,2,227.7,455.4
64,75,2,350.55,701.1
64,41,3,394.68,1184.04
64,95,1,379.73,379.73
64,82,2,173.99,347.98
64,33,1,276.97,276.97
65,49,2,358.98,717.96
65,33,3,276.97,830.91
66,31,3,233.71,701.13
67,100,2,101.07,202.14
67,50,1,242.52,242.52
67,33,4,276.97,1107.88
68,95,3,379.73,1139.19
68,91,3,238.2,714.6
68,63,4,302.41,1209.64
68,80,2,150.4,300.8
69,89,3,393.22,1179.66
69,27,2,310.02,620.04
69,66,4,101.87,407.48
69,15,2,67.68,135.36
70,75,3,350.55,1051.65
70,52,3,240.3,720.9
70,31,2,233.71,467.42
70,74,1,474.52,474.52
70,94,1,293.06,293.06
71,27,2,310.02,620.04
71,2,2,151.07,302.14
71,20,4,460.98,1843.92
71,1,1,152.57,152.57
72,91,3,238.2,714.6
73,24,3,116.01,348.03
73,40,2,218.76,437.52
73,65,1,492.21,492.21
74,82,1,173.99,173.99
74,79,1,234.37,234.37
74,69,3,206.9,620.7
74,86,3,277.49,832.47
74,83,4,407.82,1631.28
75,59,2,219.65,439.3
75,68,4,136.09,544.36
76,37,1,116.25,116.25
76,41,4,394.68,1578.72
76,34,3,262.63,787.89
77,17,1,5.09,5.09
77,32,2,244.3,488.6
77,38,3,163.7,491.1
77,93,4,55.51,222.04
77,16,1,236.68,236.68
78,47,1,86.41,86.41
79,65,4,492.21,1968.84
80,80,1,150.4,150.4
80,96,2,320.0,640.0
81,57,1,227.72,227.72
81,36,2,338.01,676.02
81,7,3,408.98,1226.94
81,38,2,163.7,327.4
82,86,3,277.49,832.47
83,17,2,5.09,10.18
83,66,2,101.87,203.74
84,59,4,219.65,878.6
84,61,2,87.4,174.8
84,24,2,116.01,232.02
84,30,1,135.32,135.32
84,22,1,227.7,227.7
85,8,4,319.71,1278.84
85,68,2,136.09,272.18
85,78,3,309.87,929.61
85,1,1,152.57,152.57
86,49,2,358.98,717.96
86,27,2,310.02,620.04
86,2,2,151.07,302.14
87,16,3,236.68,710.04
87,40,4,218.76,875.04
87,58,4,13.99,55.96
88,4,4,135.92,543.68
88,9,2,215.93,431.86
89,51,1,369.12,369.12
90,66,2,101.87,203.74
91,56,2,402.93,805.86
91,91,2,238.2,476.4
91,2,4,151.07,604.28
91,61,4,87.4,349.6
92,25,1,156.23,156.23
93,99,2,75.12,150.24
93,17,2,5.09,10.18
94,99,4,75.12,300.48
94,7,3,408.98,1226.94
95,95,3,379.73,1139.19
95,92,2,204.25,408.5
96,76,4,437.31,1749.24
97,84,2,319.93,639.86
98,11,2,461.45,922.9
99,57,2,227.72,455.44
99,1,4,152.57,610.28
99,76,4,437.31,1749.24
99,24,1,116.01,116.01
100,98,2,120.25,240.5
100,80,1,150.4,150.4
100,81,3,373.61,1120.83
101,54,2,373.97,747.94
101,82,3,173.99,521.97
101,52,2,240.3,480.6
101,17,3,5.09,15.27
102,73,1,378.68,378.68
102,87,2,431.37,862.74
102,4,3,135.92,407.76
102,19,4,260.87,1043.48
102,29,1,267.61,267.61
103,36,2,338.01,676.02
104,59,2,219.65,439.3
105,30,4,135.32,541.28
105,73,4,378.68,1514.72
105,82,1,173.99,173.99
105,66,2,101.87,203.74
106,88,4,359.06,1436.24
107,44,1,258.39,258.39
107,85,1,359.22,359.22
108,15,3,67.68,203.04
108,51,4,369.12,1476.48
108,9,3,215.93,647.79
109,55,1,395.78,395.78
109,54,4,373.97,1495.88
109,28,2,221.43,442.86
109,27,3,310.02,930.06
109,15,2,67.68,135.36
110,43,2,210.8,421.6
111,36,4,338.01,1352.04
111,35,2,444.6,889.2
111,13,4,207.43,829.72
111,40,4,218.76,875.04
112,73,1,378.68,378.68
112,69,2,206.9,413.8
113,9,1,215.93,215.93
113,86,1,277.49,277.49
114,46,1,492.97,492.97
114,38,3,163.7,491.1
115,86,1,277.49,277.49
115,67,4,235.35,941.4
115,93,4,55.51,222.04
115,58,2,13.99,27.98
115,23,1,21.51,21.51
116,16,4,236.68,946.72
117,9,1,215.93,215.93
117,14,3,159.94,479.82
117,16,4,236.68,946.72
117,57,2,227.72,455.44
118,65,4,492.21,1968.84
118,88,1,359.06,359.06
118,36,2,338.01,676.02
119,87,3,431.37,1294.11
119,7,2,408.98,817.96
120,96,3,320.0,960.0
121,98,3,120.25,360.75
121,82,4,173.99,695.96
122,47,3,86.41,259.23
122,44,4,258.39,1033.56
122,11,4,461.45,1845.8
122,55,3,395.78,1187.34
123,8,4,319.71,1278.84
123,31,3,233.71,701.13
124,29,1,267.61,267.61
124,27,4,310.02,1240.08
125,13,4,207.43,829.72
125,56,1,402.93,402.93
126,2,2,151.07,302.14
126,24,2,116.01,232.02
126,46,4,492.97,1971.88
127,8,1,319.71,319.71
127,98,2,120.25,240.5
127,27,4,310.02,1240.08
127,81,2,373.61,747.22
128,14,2,159.94,319.88
128,51,1,369.12,369.12
128,48,2,209.64,419.28
128,95,3,379.73,1139.19
128,68,4,136.09,544.36
129,70,2,230.78,461.56
129,4,4,135.92,543.68
130,88,1,359.06,359.06
131,54,2,373.97,747.94
131,65,1,492.21,492.21
131,59,1,219.65,219.65
131,5,1,332.05,332.05
131,7,1,408.98,408.98
132,71,1,74.9,74.9
132,61,1,87.4,87.4
133,61,2,87.4,174.8
133,96,4,320.0,1280.0
133,30,2,135.32,270.64
134,71,2,74.9,149.8
134,94,2,293.06,586.12
134,68,3,136.09,408.27
135,96,3,320.0,960.0
135,48,3,209.64,628.92
135,68,3,136.09,408.27
135,11,3,461.45,1384.35
135,42,1,200.31,200.31
136,80,4,150.4,601.6
136,97,3,321.18,963.54
136,82,1,173.99,173.99
137,94,2,293.06,586.12
137,12,2,156.11,312.22
137,64,4,212.08,848.32
137,29,2,267.61,535.22
137,56,2,402.93,805.86
138,55,4,395.78,1583.12
138,39,4,411.61,1646.44
139,28,2,221.43,442.86
139,59,1,219.65,219.65
139,37,1,116.25,116.25
139,24,3,116.01,348.03
140,93,4,55.51,222.04
140,41,3,394.68,1184.04
140,59,4,219.65,878.6
140,96,4,320.0,1280.0
141,56,4,402.93,1611.72
141,26,2,233.24,466.48
141,62,4,51.95,207.8
141,93,1,55.51,55.51
141,19,4,260.87,1043.48
142,61,1,87.4,87.4
142,87,4,431.37,1725.48
142,22,1,227.7,227.7
142,79,1,234.37,234.37
142,6,2,488.29,976.58
143,47,2,86.41,172.82
144,25,1,156.23,156.23
144,94,3,293.06,879.18
145,99,1,75.12,75.12
145,94,3,293.06,879.18
145,37,3,116.25,348.75
145,31,1,233.71,233.71
145,12,2,156.11,312.22
146,27,3,310.02,930.06
146,40,2,218.76,437.52
146,83,2,407.82,815.64
146,44,2,258.39,516.78
146,5,1,332.05,332.05
147,33,1,276.97,276.97
147,71,2,74.9,149.8
147,83,2,407.82,815.64
148,86,3,277.49,832.47
148,23,1,21.51,21.51
148,70,3,230.78,692.34
149,72,1,412.97,412.97
149,97,4,321.18,1284.72
149,16,2,236.68,473.36
149,36,3,338.01,1014.03
149,83,3,407.82,1223.46
150,62,2,51.95,103.9
151,21,4,372.31,1489.24
152,15,3,67.68,203.04
153,43,4,210.8,843.2
153,19,3,260.87,782.61
153,3,3,219.13,657.39
153,93,1,55.51,55.51
153,45,3,440.25,1320.75
154,80,3,150.4,451.2
155,51,1,369.12,369.12
155,91,4,238.2,952.8
156,65,4,492.21,1968.84
156,64,4,212.08,848.32
156,35,1,444.6,444.6
157,85,1,359.22,359.22
157,79,3,234.37,703.11
157,80,1,150.4,150.4
157,10,1,118.83,118.83
157,29,1,267.61,267.61
158,65,4,492.21,1968.84
159,10,4,118.83,475.32
159,98,3,120.25,360.75
160,80,2,150.4,300.8
160,75,4,350.55,1402.2
161,92,3,204.25,612.75
161,15,1,67.68,67.68
161,5,4,332.05,1328.2
161,73,4,378.68,1514.72
161,4,4,135.92,543.68
162,20,1,460.98,460.98
162,40,3,218.76,656.28
163,65,1,492.21,492.21
163,83,1,407.82,407.82
163,82,3,173.99,521.97
164,14,1,159.94,159.94
164,42,4,200.31,801.24
164,65,4,492.21,1968.84
164,23,3,21.51,64.53
165,82,4,173.99,695.96
165,45,4,440.25,1761.0
165,81,3,373.61,1120.83
165,9,2,215.93,431.86
166,45,3,440.25,1320.75
166,57,4,227.72,910.88
166,4,3,135.92,407.76
166,51,4,369.12,1476.48
167,31,4,233.71,934.84
167,34,1,262.63,262.63
168,71,4,74.9,299.6
168,31,3,233.71,701.13
168,94,3,293.06,879.18
168,71,4,74.9,299.6
169,19,4,260.87,1043.48
169,68,4,136.09,544.36
169,100,4,101.07,404.28
170,13,1,207.43,207.43
170,17,3,5.09,15.27
170,70,1,230.78,230.78
171,24,3,116.01,348.03
171,21,1,372.31,372.31
171,43,4,210.8,843.2
171,36,2,338.01,676.02
171,2,2,151.07,302.14
172,20,1,460.98,460.98
172,8,3,319.71,959.13
172,35,4,444.6,1778.4
172,33,3,276.97,830.91
173,83,2,407.82,815.64
173,48,2,209.64,419.28
173,60,2,244.64,489.28
173,63,3,302.41,907.23
173,12,4,156.11,624.44
174,31,4,233.71,934.84
175,1,4,152.57,610.28
175,3,3,219.13,657.39
175,22,4,227.7,910.8
175,89,1,393.22,393.22
176,73,2,378.68,757.36
177,22,2,227.7,455.4
177,9,3,215.93,647.79
177,69,4,206.9,827.6
178,2,2,151.07,302.14
178,33,3,276.97,830.91
178,81,4,373.61,1494.44
178,57,4,227.72,910.88
179,48,2,209.64,419.28
179,100,2,101.07,202.14
179,89,1,393.22,393.22
179,12,3,156.11,468.33
180,64,1,212.08,212.08
180,92,1,204.25,204.25
180,39,3,411.61,1234.83
180,58,1,13.99,13.99
181,76,2,437.31,874.62
181,30,1,135.32,135.32
181,79,3,234.37,703.11
181,49,3,358.98,1076.94
181,85,4,359.22,1436.88
182,57,3,227.72,683.16
183,10,2,118.83,237.66
183,64,2,212.08,424.16
183,82,3,173.99,521.97
183,89,3,393.22,1179.66
184,80,3,150.4,451.2
184,23,3,21.51,64.53
185,67,2,235.35,470.7
186,50,3,242.52,727.56
187,55,4,395.78,1583.12
187,66,4,101.87,407.48
187,29,2,267.61,535.22
187,85,3,359.22,1077.66
188,95,2,379.73,759.46
188,63,1,302.41,302.41
188,80,2,150.4,300.8
189,79,3,234.37,703.11
189,54,3,373.97,1121.91
189,99,2,75.12,150.24
189,23,3,21.51,64.53
190,99,4,75.12,300.48
190,42,4,200.31,801.24
190,45,4,440.25,1761.0
191,8,4,319.71,1278.84
191,35,3,444.6,1333.8
191,82,2,173.99,347.98
191,78,1,309.87,309.87
192,17,3,5.09,15.27
192,76,3,437.31,1311.93
193,52,3,240.3,720.9
194,35,2,444.6,889.2
194,65,4,492.21,1968.84
195,98,1,120.25,120.25
195,63,1,302.41,302.41
195,65,2,492.21,984.42
195,74,3,474.52,1423.56
195,1,3,152.57,457.71
196,75,2,350.55,701.1
196,25,4,156.23,624.92
196,5,1,332.05,332.05
196,71,2,74.9,149.8
197,53,4,409.85,1639.4
197,94,2,293.06,586.12
197,29,2,267.61,535.22
198,48,4,209.64,838.56
198,95,4,379.73,1518.92
198,31,4,233.71,934.84
198,81,1,373.61,373.61
199,42,1,200.31,200.31
199,5,4,332.05,1328.2
200,32,1,244.3,244.3
200,78,2,309.87,619.74
200,41,2,394.68,789.36
200,78,3,309.87,929.61
200,83,3,407.82,1223.46
201,63,4,302.41,1209.64
201,27,1,310.02,310.02
202,56,2,402.93,805.86
202,100,3,101.07,303.21
202,25,2,156.23,312.46
202,32,2,244.3,488.6
202,25,1,156.23,156.23
203,35,2,444.6,889.2
203,32,1,244.3,244.3
203,56,4,402.93,1611.72
203,6,1,488.29,488.29
203,92,4,204.25,817.0
204,94,4,293.06,1172.24
205,22,1,227.7,227.7
205,90,2,19.88,39.76
206,80,2,150.4,300.8
207,32,4,244.3,977.2
207,66,3,101.87,305.61
207,33,4,276.97,1107.88
207,47,4,86.41,345.64
208,47,3,86.41,259.23
208,69,1,206.9,206.9
208,98,4,120.25,481.0
208,44,2,258.39,516.78
209,96,3,320.0,960.0
209,56,2,402.93,805.86
209,1,1,152.57,152.57
210,81,3,373.61,1120.83
210,12,3,156.11,468.33
210,74,4,474.52,1898.08
211,2,4,151.07,604.28
211,31,2,233.71,467.42
211,24,4,116.01,464.04
212,32,3,244.3,732.9
212,22,4,227.7,910.8
213,58,4,13.99,55.96
213,56,4,402.93,1611.72
213,51,3,369.12,1107.36
213,85,4,359.22,1436.88
214,69,3,206.9,620.7
214,32,3,244.3,732.9
214,75,4,350.55,1402.2
214,34,1,262.63,262.63
215,59,1,219.65,219.65
215,4,3,135.92,407.76
215,7,3,408.98,1226.94
216,24,2,116.01,232.02
216,100,4,101.07,404.28
217,53,3,409.85,1229.55
217,35,3,444.6,1333.8
218,36,4,338.01,1352.04
218,44,4,258.39,1033.56
218,58,1,13.99,13.99
219,8,3,319.71,959.13
219,39,1,411.61,411.61
219,100,1,101.07,101.07
219,38,4,163.7,654.8
220,25,4,156.23,624.92
220,95,1,379.73,379.73
221,71,4,74.9,299.6
221,65,4,492.21,1968.84
221,86,3,277.49,832.47
221,63,1,302.41,302.41
221,58,2,13.99,27.98
222,79,1,234.37,234.37
222,62,3,51.95,155.85
222,22,4,227.7,910.8
222,71,1,74.9,74.9
222,61,4,87.4,349.6
223,100,4,101.07,404.28
224,79,2,234.37,468.74
224,57,4,227.72,910.88
224,48,3,209.64,628.92
224,9,4,215.93,863.72
225,91,3,238.2,714.6
225,25,2,156.23,312.46
225,40,1,218.76,218.76
225,50,4,242.52,970.08
226,5,1,332.05,332.05
226,88,1,359.06,359.06
226,69,3,206.9,620.7
226,50,1,242.52,242.52
226,71,2,74.9,149.8
227,53,2,409.85,819.7
227,88,2,359.06,718.12
228,27,2,310.02,620.04
228,90,3,19.88,59.64
228,91,2,238.2,476.4
228,70,3,230.78,692.34
229,87,2,431.37,862.74
229,80,2,150.4,300.8
230,86,2,277.49,554.98
230,61,3,87.4,262.2
230,39,3,411.61,1234.83
230,2,3,151.07,453.21
230,3,1,219.13,219.13
231,73,2,378.68,757.36
231,23,1,21.51,21.51
231,36,4,338.01,1352.04
231,76,1,437.31,437.31
232,12,3,156.11,468.33
233,10,4,118.83,475.32
233,41,2,394.68,789.36
233,72,1,412.97,412.97
233,75,1,350.55,350.55
234,41,1,394.68,394.68
234,58,2,13.99,27.98
234,51,4,369.12,1476.48
234,84,3,319.93,959.79
235,31,4,233.71,934.84
235,56,1,402.93,402.93
235,43,2,210.8,421.6
235,56,4,402.93,1611.72
235,28,1,221.43,221.43
236,71,2,74.9,149.8
236,9,2,215.93,431.86
236,73,3,378.68,1136.04
237,7,3,408.98,1226.94
238,73,1,378.68,378.68
238,33,1,276.97,276.97
238,25,4,156.23,624.92
238,20,3,460.98,1382.94
238,97,3,321.18,963.54
239,57,4,227.72,910.88
239,82,1,173.99,173.99
239,11,3,461.45,1384.35
240,65,2,492.21,984.42
240,84,1,319.93,319.93
241,84,2,319.93,639.86
241,2,1,151.07,151.07
241,78,1,309.87,309.87
241,45,4,440.25,1761.0
241,34,1,262.63,262.63
242,3,4,219.13,876.52
242,41,3,394.68,1184.04
243,40,2,218.76,437.52
244,47,3,86.41,259.23
244,57,1,227.72,227.72
244,15,2,67.68,135.36
244,14,4,159.94,639.76
245,38,1,163.7,163.7
245,60,4,244.64,978.56
245,17,4,5.09,20.36
245,12,3,156.11,468.33
246,87,2,431.37,862.74
246,54,3,373.97,1121.91
246,53,2,409.85,819.7
246,74,2,474.52,949.04
247,50,1,242.52,242.52
247,8,2,319.71,639.42
247,64,4,212.08,848.32
247,43,2,210.8,421.6
247,75,4,350.55,1402.2
248,69,1,206.9,206.9
248,53,3,409.85,1229.55
248,47,2,86.41,172.82
249,58,2,13.99,27.98
249,89,4,393.22,1572.88
249,53,2,409.85,819.7
249,69,4,206.9,827.6
250,22,4,227.7,910.8
251,60,1,244.64,244.64
251,61,4,87.4,349.6
251,58,1,13.99,13.99
251,39,2,411.61,823.22
251,19,1,260.87,260.87
252,1,3,152.57,457.71
252,81,2,373.61,747.22
252,59,3,219.65,658.95
252,89,2,393.22,786.44
253,50,1,242.52,242.52
253,92,4,204.25,817.0
253,21,2,372.31,744.62
253,89,3,393.22,1179.66
254,68,2,136.09,272.18
254,84,1,319.93,319.93
254,88,4,359.06,1436.24
254,9,3,215.93,647.79
254,31,1,233.71,233.71
255,24,3,116.01,348.03
255,40,1,218.76,218.76
256,89,1,393.22,393.22
256,17,1,5.09,5.09
257,93,1,55.51,55.51
257,69,2,206.9,413.8
257,62,1,51.95,51.95
257,33,1,276.97,276.97
257,84,2,319.93,639.86
258,12,2,156.11,312.22
258,43,1,210.8,210.8
258,2,2,151.07,302.14
259,39,3,411.61,1234.83
259,11,1,461.45,461.45
259,50,4,242.52,970.08
259,82,4,173.99,695.96
259,75,1,350.55,350.55
260,98,1,120.25,120.25
260,88,4,359.06,1436.24
261,64,2,212.08,424.16
261,72,1,412.97,412.97
262,95,4,379.73,1518.92
262,97,4,321.18,1284.72
262,26,1,233.24,233.24
262,25,2,156.23,312.46
262,39,3,411.61,1234.83
263,53,2,409.85,819.7
263,94,2,293.06,586.12
263,48,3,209.64,628.92
264,30,4,135.32,541.28
264,11,1,461.45,461.45
264,45,1,440.25,440.25
265,79,3,234.37,703.11
265,98,3,120.25,360.75
265,39,1,411.61,411.61
265,67,3,235.35,706.05
266,36,3,338.01,1014.03
267,41,4,394.68,1578.72
267,44,2,258.39,516.78
267,78,2,309.87,619.74
267,14,1,159.94,159.94
268,25,1,156.23,156.23
268,56,2,402.93,805.86
268,73,1,378.68,378.68
268,85,4,359.22,1436.88
268,47,1,86.41,86.41
269,93,2,55.51,111.02
269,12,1,156.11,156.11
270,62,1,51.95,51.95
271,100,3,101.07,303.21
271,46,1,492.97,492.97
271,75,4,350.55,1402.2
272,88,1,359.06,359.06
272,47,3,86.41,259.23
273,49,3,358.98,1076.94
273,32,3,244.3,732.9
273,82,2,173.99,347.98
273,31,3,233.71,701.13
273,89,2,393.22,786.44
274,60,4,244.64,978.56
274,63,1,302.41,302.41
274,8,4,319.71,1278.84
274,43,3,210.8,632.4
274,91,2,238.2,476.4
275,17,2,5.09,10.18
275,75,4,350.55,1402.2
275,96,3,320.0,960.0
275,2,3,151.07,453.21
275,20,4,460.98,1843.92
276,12,1,156.11,156.11
276,97,3,321.18,963.54
277,71,1,74.9,74.9
277,17,3,5.09,15.27
277,98,2,120.25,240.5
277,41,3,394.68,1184.04
278,63,4,302.41,1209.64
278,6,2,488.29,976.58
278,15,3,67.68,203.04
279,93,4,55.51,222.04
279,16,4,236.68,946.72
279,62,3,51.95,155.85
279,88,2,359.06,718.12
279,6,2,488.29,976.58
280,51,3,369.12,1107.36
280,66,1,101.87,101.87
280,36,1,338.01,338.01
280,13,4,207.43,829.72
280,33,3,276.97,830.91
281,9,2,215.93,431.86
281,16,1,236.68,236.68
281,57,3,227.72,683.16
281,99,4,75.12,300.48
282,78,2,309.87,619.74
282,98,3,120.25,360.75
282,35,3,444.6,1333.8
282,26,4,233.24,932.96
282,68,2,136.09,272.18
283,20,4,460.98,1843.92
283,56,1,402.93,402.93
283,87,3,431.37,1294.11
283,63,3,302.41,907.23
284,97,1,321.18,321.18
284,57,3,227.72,683.16
284,69,3,206.9,620.7
284,99,3,75.12,225.36
285,85,3,359.22,1077.66
286,21,3,372.31,1116.93
286,7,4,408.98,1635.92
286,77,1,112.9,112.9
287,38,3,163.7,491.1
287,75,4,350.55,1402.2
287,25,1,156.23,156.23
287,24,1,116.01,116.01
287,67,2,235.35,470.7
288,85,4,359.22,1436.88
288,73,2,378.68,757.36
289,55,1,395.78,395.78
290,6,3,488.29,1464.87
290,29,2,267.61,535.22
290,93,2,55.51,111.02
290,90,1,19.88,19.88
291,35,1,444.6,444.6
291,83,3,407.82,1223.46
291,2,4,151.07,604.28
291,63,2,302.41,604.82
291,13,1,207.43,207.43
292,32,3,244.3,732.9
292,46,3,492.97,1478.91
292,62,4,51.95,207.8
292,2,1,151.07,151.07
293,66,3,101.87,305.61
293,74,4,474.52,1898.08
293,11,3,461.45,1384.35
293,45,1,440.25,440.25
294,64,4,212.08,848.32
294,13,3,207.43,622.29
295,35,1,444.6,444.6
295,34,2,262.63,525.26
295,90,4,19.88,79.52
295,88,3,359.06,1077.18
296,65,2,492.21,984.42
296,82,4,173.99,695.96
296,5,2,332.05,664.1
296,44,1,258.39,258.39
297,44,4,258.39,1033.56
297,88,1,359.06,359.06
297,80,1,150.4,150.4
297,34,4,262.63,1050.52
298,31,3,233.71,701.13
299,33,2,276.97,553.94
299,49,1,358.98,358.98
299,95,1,379.73,379.73
299,70,2,230.78,461.56
300,24,2,116.01,232.02
301,2,1,151.07,151.07
301,24,3,116.01,348.03
301,39,2,411.61,823.22
302,15,3,67.68,203.04
302,84,1,319.93,319.93
302,92,1,204.25,204.25
303,28,3,221.43,664.29
304,52,3,240.3,720.9
304,64,3,212.08,636.24
305,98,3,120.25,360.75
305,83,2,407.82,815.64
306,66,3,101.87,305.61
306,89,4,393.22,1572.88
306,71,3,74.9,224.7
307,70,2,230.78,461.56
307,60,3,244.64,733.92
308,22,3,227.7,683.1
308,25,2,156.23,312.46
309,26,1,233.24,233.24
310,68,3,136.09,408.27
311,97,1,321.18,321.18
311,81,4,373.61,1494.44
311,90,4,19.88,79.52
311,65,2,492.21,984.42
312,71,4,74.9,299.6
312,29,1,267.61,267.61
312,90,3,19.88,59.64
313,99,3,75.12,225.36
313,66,1,101.87,101.87
313,12,3,156.11,468.33
314,48,3,209.64,628.92
315,27,3,310.02,930.06
315,64,3,212.08,636.24
315,14,4,159.94,639.76
315,50,1,242.52,242.52
315,11,2,461.45,922.9
316,14,1,159.94,159.94
316,9,2,215.93,431.86
317,92,4,204.25,817.0
317,32,3,244.3,732.9
318,53,2,409.85,819.7
318,69,2,206.9,413.8
319,81,2,373.61,747.22
319,65,2,492.21,984.42
320,7,3,408.98,1226.94
320,7,4,408.98,1635.92
320,71,3,74.9,224.7
320,2,2,151.07,302.14
321,86,1,277.49,277.49
321,53,4,409.85,1639.4
322,37,4,116.25,465.0
322,5,2,332.05,664.1
322,52,2,240.3,480.6
322,52,3,240.3,720.9
322,7,4,408.98,1635.92
323,17,3,5.09,15.27
323,98,1,120.25,120.25
323,17,1,5.09,5.09
323,47,2,86.41,172.82
323,20,3,460.98,1382.94
324,100,3,101.07,303.21
324,72,1,412.97,412.97
324,43,3,210.8,632.4
324,5,3,332.05,996.15
325,81,4,373.61,1494.44
325,72,2,412.97,825.94
325,75,2,350.55,701.1
325,38,1,163.7,163.7
326,75,1,350.55,350.55
327,64,1,212.08,212.08
327,87,2,431.37,862.74
327,41,1,394.68,394.68
327,25,3,156.23,468.69
328,4,2,135.92,271.84
328,95,3,379.73,1139.19
328,83,4,407.82,1631.28
328,36,4,338.01,1352.04
328,21,1,372.31,372.31
329,11,3,461.45,1384.35
329,89,1,393.22,393.22
329,6,3,488.29,1464.87
329,9,4,215.93,863.72
330,65,3,492.21,1476.63
330,94,3,293.06,879.18
331,93,2,55.51,111.02
331,42,1,200.31,200.31
331,52,4,240.3,961.2
331,39,2,411.61,823.22
331,10,2,118.83,237.66
332,52,3,240.3,720.9
332,100,3,101.07,303.21
332,64,4,212.08,848.32
332,76,4,437.31,1749.24
333,89,3,393.22,1179.66
334,41,1,394.68,394.68
334,31,1,233.71,233.71
334,28,3,221.43,664.29
334,31,3,233.71,701.13
334,68,3,136.09,408.27
335,43,2,210.8,421.6
335,46,2,492.97,985.94
335,40,2,218.76,437.52
336,30,3,135.32,405.96
336,93,4,55.51,222.04
337,13,1,207.43,207.43
337,52,2,240.3,480.6
337,7,1,408.98,408.98
338,74,3,474.52,1423.56
338,70,4,230.78,923.12
338,82,2,173.99,347.98
338,68,2,136.09,272.18
339,56,4,402.93,1611.72
339,78,4,309.87,1239.48
339,47,3,86.41,259.23
339,51,1,369.12,369.12
339,66,1,101.87,101.87
340,33,2,276.97,553.94
340,37,3,116.25,348.75
341,95,4,379.73,1518.92
341,39,4,411.61,1646.44
341,69,3,206.9,620.7
342,12,2,156.11,312.22
342,96,2,320.0,640.0
343,39,4,411.61,1646.44
343,71,3,74.9,224.7
343,89,3,393.22,1179.66
343,6,1,488.29,488.29
343,85,1,359.22,359.22
344,69,2,206.9,413.8
344,34,4,262.63,1050.52
344,51,3,369.12,1107.36
344,52,3,240.3,720.9
344,1,1,152.57,152.57
345,79,3,234.37,703.11
345,85,2,359.22,718.44
345,62,4,51.95,207.8
345,61,1,87.4,87.4
346,70,3,230.78,692.34
346,26,1,233.24,233.24
346,70,4,230.78,923.12
346,69,4,206.9,827.6
346,26,4,233.24,932.96
347,86,2,277.49,554.98
348,32,2,244.3,488.6
348,91,2,238.2,476.4
348,12,2,156.11,312.22
348,19,1,260.87,260.87
348,55,1,395.78,395.78
349,14,4,159.94,639.76
349,44,2,258.39,516.78
349,83,4,407.82,1631.28
349,80,1,150.4,150.4
350,68,3,136.09,408.27
350,73,4,378.68,1514.72
350,69,2,206.9,413.8
351,89,2,393.22,786.44
351,13,4,207.43,829.72
352,8,3,319.71,959.13
352,66,4,101.87,407.48
352,92,1,204.25,204.25
352,94,4,293.06,1172.24
352,42,4,200.31,801.24
353,73,3,378.68,1136.04
353,57,3,227.72,683.16
353,33,2,276.97,553.94
354,4,2,135.92,271.84
354,85,3,359.22,1077.66
354,45,3,440.25,1320.75
355,18,1,285.62,285.62
355,96,1,320.0,320.0
355,64,4,212.08,848.32
355,90,1,19.88,19.88
355,86,3,277.49,832.47
356,71,1,74.9,74.9
356,3,4,219.13,876.52
356,24,1,116.01,116.01
356,56,2,402.93,805.86
356,46,2,492.97,985.94
357,94,3,293.06,879.18
357,19,3,260.87,782.61
357,95,2,379.73,759.46
357,62,2,51.95,103.9
357,32,2,244.3,488.6
358,48,1,209.64,209.64
359,17,4,5.09,20.36
359,92,2,204.25,408.5
360,54,4,373.97,1495.88
360,71,1,74.9,74.9
360,53,3,409.85,1229.55
361,80,4,150.4,601.6
361,1,1,152.57,152.57
362,87,2,431.37,862.74
362,77,3,112.9,338.7
362,18,3,285.62,856.86
362,17,2,5.09,10.18
363,15,1,67.68,67.68
363,80,2,150.4,300.8
363,43,1,210.8,210.8
364,63,2,302.41,604.82
364,91,4,238.2,952.8
364,27,4,310.02,1240.08
364,62,1,51.95,51.95
364,93,4,55.51,222.04
365,83,1,407.82,407.82
365,61,3,87.4,262.2
365,3,1,219.13,219.13
365,48,3,209.64,628.92
366,79,2,234.37,468.74
366,36,4,338.01,1352.04
366,46,4,492.97,1971.88
366,30,4,135.32,541.28
366,34,4,262.63,1050.52
367,80,4,150.4,601.6
367,85,4,359.22,1436.88
367,71,3,74.9,224.7
367,30,4,135.32,541.28
368,3,4,219.13,876.52
368,48,4,209.64,838.56
369,54,4,373.97,1495.88
369,73,2,378.68,757.36
369,18,1,285.62,285.62
369,98,3,120.25,360.75
369,94,4,293.06,1172.24
370,34,1,262.63,262.63
370,100,3,101.07,303.21
370,16,1,236.68,236.68
370,63,1,302.41,302.41
370,65,4,492.21,1968.84
371,28,1,221.43,221.43
372,45,2,440.25,880.5
372,90,2,19.88,39.76
373,62,1,51.95,51.95
373,17,4,5.09,20.36
374,96,1,320.0,320.0
374,99,1,75.12,75.12
374,84,4,319.93,1279.72
374,67,3,235.35,706.05
374,52,1,240.3,240.3
375,38,3,163.7,491.1
375,73,2,378.68,757.36
375,75,4,350.55,1402.2
375,73,1,378.68,378.68
375,67,1,235.35,235.35
376,51,2,369.12,738.24
376,45,4,440.25,1761.0
376,27,1,310.02,310.02
377,23,1,21.51,21.51
377,6,2,488.29,976.58
377,24,4,116.01,464.04
378,28,4,221.43,885.72
378,5,2,332.05,664.1
378,74,4,474.52,1898.08
378,93,2,55.51,111.02
379,100,4,101.07,404.28
379,15,3,67.68,203.04
379,97,4,321.18,1284.72
379,69,4,206.9,827.6
380,33,2,276.97,553.94
380,65,4,492.21,1968.84
380,91,2,238.2,476.4
381,90,3,19.88,59.64
381,49,2,358.98,717.96
381,5,2,332.05,664.1
381,52,1,240.3,240.3
382,74,1,474.52,474.52
382,16,4,236.68,946.72
382,49,3,358.98,1076.94
382,35,4,444.6,1778.4
383,62,2,51.95,103.9
383,95,3,379.73,1139.19
383,40,1,218.76,218.76
384,45,3,440.25,1320.75
384,72,2,412.97,825.94
384,67,2,235.35,470.7
384,38,3,163.7,491.1
385,46,2,492.97,985.94
385,41,3,394.68,1184.04
385,58,1,13.99,13.99
385,71,2,74.9,149.8
385,91,1,238.2,238.2
386,98,4,120.25,481.0
386,19,2,260.87,521.74
386,56,2,402.93,805.86
386,10,1,118.83,118.83
387,18,2,285.62,571.24
387,87,1,431.37,431.37
387,52,1,240.3,240.3
387,74,2,474.52,949.04
387,72,2,412.97,825.94
388,61,1,87.4,87.4
389,88,3,359.06,1077.18
389,48,2,209.64,419.28
389,96,4,320.0,1280.0
390,50,1,242.52,242.52
390,73,3,378.68,1136.04
390,38,1,163.7,163.7
391,4,4,135.92,543.68
391,25,4,156.23,624.92
392,44,1,258.39,258.39
392,99,3,75.12,225.36
393,96,2,320.0,640.0
393,83,2,407.82,815.64
393,19,2,260.87,521.74
393,68,3,136.09,408.27
394,43,3,210.8,632.4
394,19,3,260.87,782.61
394,31,1,233.71,233.71
395,9,4,215.93,863.72
396,21,4,372.31,1489.24
396,97,1,321.18,321.18
396,80,1,150.4,150.4
397,58,1,13.99,13.99
397,25,3,156.23,468.69
398,33,4,276.97,1107.88
399,92,1,204.25,204.25
400,26,4,233.24,932.96
401,53,2,409.85,819.7
401,59,4,219.65,878.6
401,41,4,394.68,1578.72
402,42,2,200.31,400.62
402,91,3,238.2,714.6
403,87,4,431.37,1725.48
403,20,2,460.98,921.96
404,94,4,293.06,1172.24
404,49,3,358.98,1076.94
404,34,4,262.63,1050.52
405,79,3,234.37,703.11
405,7,3,408.98,1226.94
405,73,3,378.68,1136.04
405,15,3,67.68,203.04
406,14,2,159.94,319.88
407,16,1,236.68,236.68
407,84,1,319.93,319.93
408,5,4,332.05,1328.2
409,49,2,358.98,717.96
409,4,4,135.92,543.68
409,69,1,206.9,206.9
410,31,2,233.71,467.42
410,29,1,267.61,267.61
410,98,4,120.25,481.0
411,36,4,338.01,1352.04
412,13,4,207.43,829.72
412,23,2,21.51,43.02
412,88,2,359.06,718.12
412,96,3,320.0,960.0
412,74,2,474.52,949.04
413,68,3,136.09,408.27
413,55,1,395.78,395.78
413,67,3,235.35,706.05
414,93,1,55.51,55.51
414,42,4,200.31,801.24
415,89,2,393.22,786.44
416,4,4,135.92,543.68
416,52,2,240.3,480.6
416,21,2,372.31,744.62
416,48,4,209.64,838.56
416,86,1,277.49,277.49
417,45,4,440.25,1761.0
417,50,4,242.52,970.08
418,31,2,233.71,467.42
418,96,4,320.0,1280.0
418,10,2,118.83,237.66
418,24,1,116.01,116.01
419,60,4,244.64,978.56
420,54,2,373.97,747.94
420,17,2,5.09,10.18
420,38,4,163.7,654.8
421,21,4,372.31,1489.24
422,98,2,120.25,240.5
422,78,4,309.87,1239.48
423,33,3,276.97,830.91
423,64,1,212.08,212.08
423,7,3,408.98,1226.94
424,75,4,350.55,1402.2
424,91,1,238.2,238.2
424,39,1,411.61,411.61
425,81,3,373.61,1120.83
426,58,3,13.99,41.97
426,15,3,67.68,203.04
426,36,3,338.01,1014.03
426,56,3,402.93,1208.79
427,78,4,309.87,1239.48
427,50,2,242.52,485.04
427,1,3,152.57,457.71
427,22,2,227.7,455.4
428,93,3,55.51,166.53
428,36,4,338.01,1352.04
428,67,1,235.35,235.35
428,68,1,136.09,136.09
429,2,2,151.07,302.14
429,56,1,402.93,402.93
429,69,4,206.9,827.6
430,47,3,86.41,259.23
430,85,1,359.22,359.22
430,62,4,51.95,207.8
431,44,4,258.39,1033.56
432,74,1,474.52,474.52
432,96,3,320.0,960.0
432,44,3,258.39,775.17
432,96,4,320.0,1280.0
432,27,3,310.02,930.06
433,79,3,234.37,703.11
433,74,3,474.52,1423.56
434,83,4,407.82,1631.28
435,66,2,101.87,203.74
435,82,4,173.99,695.96
435,63,2,302.41,604.82
435,24,4,116.01,464.04
435,90,3,19.88,59.64
436,61,2,87.4,174.8
437,47,3,86.41,259.23
437,73,1,378.68,378.68
437,50,4,242.52,970.08
438,10,4,118.83,475.32
439,34,1,262.63,262.63
440,21,2,372.31,744.62
441,60,4,244.64,978.56
441,41,4,394.68,1578.72
441,60,3,244.64,733.92
441,55,4,395.78,1583.12
441,19,4,260.87,1043.48
442,92,1,204.25,204.25
443,94,3,293.06,879.18
443,51,4,369.12,1476.48
444,42,1,200.31,200.31
445,93,4,55.51,222.04
445,1,2,152.57,305.14
446,7,3,408.98,1226.94
446,64,4,212.08,848.32
446,17,3,5.09,15.27
446,3,3,219.13,657.39
446,42,4,200.31,801.24
447,69,1,206.9,206.9
447,41,3,394.68,1184.04
447,61,3,87.4,262.2
448,11,1,461.45,461.45
448,41,4,394.68,1578.72
448,10,2,118.83,237.66
449,23,3,21.51,64.53
450,18,1,285.62,285.62
450,79,2,234.37,468.74
451,92,4,204.25,817.0
451,15,1,67.68,67.68
452,45,1,440.25,440.25
452,88,2,359.06,718.12
452,74,4,474.52,1898.08
453,54,1,373.97,373.97
453,78,1,309.87,309.87
454,67,4,235.35,941.4
454,63,4,302.41,1209.64
455,70,1,230.78,230.78
455,9,4,215.93,863.72
456,60,2,244.64,489.28
457,44,2,258.39,516.78
458,54,1,373.97,373.97
459,14,4,159.94,639.76
459,69,1,206.9,206.9
460,93,1,55.51,55.51
460,55,3,395.78,1187.34
461,42,3,200.31,600.93
462,60,4,244.64,978.56
462,33,4,276.97,1107.88
462,65,1,492.21,492.21
462,97,1,321.18,321.18
463,54,2,373.97,747.94
463,66,1,101.87,101.87
464,99,2,75.12,150.24
464,93,1,55.51,55.51
465,88,1,359.06,359.06
465,2,4,151.07,604.28
466,20,4,460.98,1843.92
467,91,2,238.2,476.4
467,12,1,156.11,156.11
467,46,4,492.97,1971.88
467,25,1,156.23,156.23
468,37,3,116.25,348.75
468,99,4,75.12,300.48
468,14,3,159.94,479.82
468,41,2,394.68,789.36
469,41,2,394.68,789.36
469,96,3,320.0,960.0
469,58,2,13.99,27.98
469,54,3,373.97,1121.91
469,29,1,267.61,267.61
470,15,1,67.68,67.68
470,72,4,412.97,1651.88
470,50,3,242.52,727.56
470,92,4,204.25,817.0
471,77,1,112.9,112.9
471,49,4,358.98,1435.92
471,39,3,411.61,1234.83
471,61,2,87.4,174.8
472,2,1,151.07,151.07
472,72,3,412.97,1238.91
472,49,2,358.98,717.96
473,74,1,474.52,474.52
473,33,3,276.97,830.91
473,30,2,135.32,270.64
473,69,3,206.9,620.7
473,91,2,238.2,476.4
474,75,1,350.55,350.55
474,44,4,258.39,1033.56
474,71,4,74.9,299.6
474,91,2,238.2,476.4
475,21,3,372.31,1116.93
475,91,1,238.2,238.2
475,47,4,86.41,345.64
475,69,4,206.9,827.6
476,13,1,207.43,207.43
476,9,3,215.93,647.79
476,86,4,277.49,1109.96
476,30,2,135.32,270.64
476,36,3,338.01,1014.03
477,37,3,116.25,348.75
477,36,4,338.01,1352.04
477,46,3,492.97,1478.91
477,37,2,116.25,232.5
477,59,2,219.65,439.3
478,42,3,200.31,600.93
478,100,3,101.07,303.21
478,65,4,492.21,1968.84
478,85,3,359.22,1077.66
478,61,1,87.4,87.4
479,18,3,285.62,856.86
479,61,3,87.4,262.2
479,22,4,227.7,910.8
479,31,2,233.71,467.42
479,46,4,492.97,1971.88
480,77,2,112.9,225.8
480,47,4,86.41,345.64
480,77,4,112.9,451.6
480,74,4,474.52,1898.08
481,84,3,319.93,959.79
481,2,1,151.07,151.07
481,28,4,221.43,885.72
481,4,4,135.92,543.68
482,17,2,5.09,10.18
482,48,3,209.64,628.92
482,80,2,150.4,300.8
483,89,2,393.22,786.44
483,87,1,431.37,431.37
483,2,3,151.07,453.21
483,25,4,156.23,624.92
484,43,4,210.8,843.2
484,75,3,350.55,1051.65
484,6,4,488.29,1953.16
485,70,4,230.78,923.12
485,89,4,393.22,1572.88
485,22,4,227.7,910.8
485,100,3,101.07,303.21
485,100,3,101.07,303.21
486,59,1,219.65,219.65
486,62,3,51.95,155.85
486,36,4,338.01,1352.04
487,90,3,19.88,59.64
487,15,2,67.68,135.36
488,61,4,87.4,349.6
488,79,4,234.37,937.48
489,11,3,461.45,1384.35
489,17,2,5.09,10.18
489,48,2,209.64,419.28
490,86,4,277.49,1109.96
490,1,3,152.57,457.71
490,75,1,350.55,350.55
491,59,3,219.65,658.95
492,46,3,492.97,1478.91
492,81,1,373.61,373.61
492,95,3,379.73,1139.19
493,53,1,409.85,409.85
493,61,2,87.4,174.8
493,2,2,151.07,302.14
493,33,4,276.97,1107.88
493,34,2,262.63,525.26
494,34,4,262.63,1050.52
494,92,1,204.25,204.25
495,83,4,407.82,1631.28
495,11,1,461.45,461.45
495,66,4,101.87,407.48
496,22,4,227.7,910.8
496,67,3,235.35,706.05
496,8,4,319.71,1278.84
496,2,4,151.07,604.28
496,47,4,86.41,345.64
497,97,1,321.18,321.18
497,7,1,408.98,408.98
497,31,4,233.71,934.84
498,81,4,373.61,1494.44
498,77,1,112.9,112.9
498,71,1,74.9,74.9
499,24,4,116.01,464.04
499,18,4,285.62,1142.48
499,64,3,212.08,636.24
499,88,1,359.06,359.06
499,86,3,277.49,832.47
500,17,2,5.09,10.18
500,42,2,200.31,400.62
500,23,3,21.51,64.53
500,93,3,55.51,166.53
500,84,2,319.93,639.86
501,64,4,212.08,848.32
501,15,4,67.68,270.72
502,45,3,440.25,1320.75
502,84,3,319.93,959.79
502,33,3,276.97,830.91
503,26,2,233.24,466.48
503,63,1,302.41,302.41
504,4,2,135.92,271.84
504,7,1,408.98,408.98
505,7,3,408.98,1226.94
505,15,1,67.68,67.68
506,90,1,19.88,19.88
506,91,2,238.2,476.4
506,18,3,285.62,856.86
507,90,3,19.88,59.64
507,1,2,152.57,305.14
507,16,1,236.68,236.68
508,99,2,75.12,150.24
508,7,1,408.98,408.98
508,68,2,136.09,272.18
508,57,2,227.72,455.44
508,71,1,74.9,74.9
509,11,1,461.45,461.45
509,43,3,210.8,632.4
509,51,3,369.12,1107.36
509,99,4,75.12,300.48
510,83,4,407.82,1631.28
510,57,3,227.72,683.16
510,59,4,219.65,878.6
511,32,1,244.3,244.3
511,63,1,302.41,302.41
511,20,3,460.98,1382.94
512,20,4,460.98,1843.92
513,29,4,267.61,1070.44
513,15,2,67.68,135.36
514,16,3,236.68,710.04
514,16,3,236.68,710.04
514,43,2,210.8,421.6
515,42,4,200.31,801.24
515,21,2,372.31,744.62
515,20,4,460.98,1843.92
516,28,4,221.43,885.72
516,69,2,206.9,413.8
516,13,4,207.43,829.72
517,13,3,207.43,622.29
517,57,2,227.72,455.44
518,50,4,242.52,970.08
518,5,1,332.05,332.05
519,80,4,150.4,601.6
519,43,3,210.8,632.4
519,54,2,373.97,747.94
520,16,4,236.68,946.72
521,63,1,302.41,302.41
521,80,1,150.4,150.4
521,91,4,238.2,952.8
521,97,3,321.18,963.54
522,52,1,240.3,240.3
523,75,4,350.55,1402.2
523,51,1,369.12,369.12
524,61,3,87.4,262.2
525,35,4,444.6,1778.4
525,78,4,309.87,1239.48
525,64,4,212.08,848.32
526,68,1,136.09,136.09
526,90,2,19.88,39.76
526,97,4,321.18,1284.72
526,32,4,244.3,977.2
526,8,2,319.71,639.42
527,29,1,267.61,267.61
527,20,3,460.98,1382.94
527,3,1,219.13,219.13
527,91,1,238.2,238.2
528,1,1,152.57,152.57
528,32,2,244.3,488.6
528,91,2,238.2,476.4
528,76,1,437.31,437.31
529,74,1,474.52,474.52
529,6,4,488.29,1953.16
530,59,3,219.65,658.95
530,36,4,338.01,1352.04
531,6,4,488.29,1953.16
531,57,4,227.72,910.88
531,65,3,492.21,1476.63
531,58,2,13.99,27.98
531,63,4,302.41,1209.64
532,77,2,112.9,225.8
532,52,1,240.3,240.3
532,93,1,55.51,55.51
533,89,3,393.22,1179.66
533,47,1,86.41,86.41
534,33,4,276.97,1107.88
534,92,2,204.25,408.5
534,14,4,159.94,639.76
535,32,4,244.3,977.2
535,37,1,116.25,116.25
535,30,2,135.32,270.64
535,87,4,431.37,1725.48
536,76,1,437.31,437.31
537,57,3,227.72,683.16
537,13,3,207.43,622.29
537,51,3,369.12,1107.36
537,84,3,319.93,959.79
538,71,4,74.9,299.6
538,70,4,230.78,923.12
539,65,4,492.21,1968.84
539,30,4,135.32,541.28
539,67,3,235.35,706.05
539,90,2,19.88,39.76
539,28,2,221.43,442.86
540,22,4,227.7,910.8
540,19,4,260.87,1043.48
540,94,3,293.06,879.18
540,84,1,319.93,319.93
541,51,4,369.12,1476.48
542,79,4,234.37,937.48
543,85,4,359.22,1436.88
543,29,3,267.61,802.83
543,98,4,120.25,481.0
544,28,2,221.43,442.86
544,47,1,86.41,86.41
544,62,1,51.95,51.95
544,54,1,373.97,373.97
544,51,4,369.12,1476.48
545,22,2,227.7,455.4
545,96,4,320.0,1280.0
545,34,4,262.63,1050.52
546,51,4,369.12,1476.48
546,81,1,373.61,373.61
546,21,2,372.31,744.62
546,6,2,488.29,976.58
546,25,1,156.23,156.23
547,82,2,173.99,347.98
547,45,2,440.25,880.5
548,74,2,474.52,949.04
549,45,3,440.25,1320.75
549,12,3,156.11,468.33
550,94,3,293.06,879.18
550,71,2,74.9,149.8
550,41,1,394.68,394.68
550,44,1,258.39,258.39
551,67,4,235.35,941.4
551,99,4,75.12,300.48
551,11,1,461.45,461.45
552,73,2,378.68,757.36
552,40,1,218.76,218.76
553,88,2,359.06,718.12
553,51,2,369.12,738.24
553,15,1,67.68,67.68
553,98,1,120.25,120.25
554,52,2,240.3,480.6
554,91,4,238.2,952.8
554,22,4,227.7,910.8
555,24,2,116.01,232.02
555,100,1,101.07,101.07
556,87,1,431.37,431.37
556,89,2,393.22,786.44
556,92,4,204.25,817.0
557,89,1,393.22,393.22
557,30,3,135.32,405.96
557,60,4,244.64,978.56
557,1,1,152.57,152.57
557,16,3,236.68,710.04
558,28,2,221.43,442.86
559,74,2,474.52,949.04
560,46,4,492.97,1971.88
560,48,3,209.64,628.92
560,1,1,152.57,152.57
560,24,2,116.01,232.02
560,45,3,440.25,1320.75
561,93,4,55.51,222.04
561,94,1,293.06,293.06
561,70,3,230.78,692.34
561,6,2,488.29,976.58
561,29,4,267.61,1070.44
562,39,2,411.61,823.22
562,48,2,209.64,419.28
562,70,4,230.78,923.12
562,77,3,112.9,338.7
563,19,2,260.87,521.74
564,20,4,460.98,1843.92
565,32,1,244.3,244.3
565,54,2,373.97,747.94
565,2,4,151.07,604.28
565,3,3,219.13,657.39
566,3,3,219.13,657.39
566,28,2,221.43,442.86
567,62,3,51.95,155.85
568,3,4,219.13,876.52
568,60,1,244.64,244.64
568,38,2,163.7,327.4
569,30,1,135.32,135.32
569,36,4,338.01,1352.04
569,34,2,262.63,525.26
570,56,4,402.93,1611.72
570,97,3,321.18,963.54
571,52,4,240.3,961.2
571,6,3,488.29,1464.87
571,65,1,492.21,492.21
571,34,2,262.63,525.26
572,11,3,461.45,1384.35
573,42,1,200.31,200.31
573,4,4,135.92,543.68
573,65,4,492.21,1968.84
574,64,4,212.08,848.32
574,16,2,236.68,473.36
574,86,3,277.49,832.47
574,18,1,285.62,285.62
574,78,1,309.87,309.87
575,11,2,461.45,922.9
576,75,2,350.55,701.1
576,69,4,206.9,827.6
576,45,2,440.25,880.5
577,94,1,293.06,293.06
578,1,2,152.57,305.14
578,32,4,244.3,977.2
578,8,3,319.71,959.13
578,75,4,350.55,1402.2
578,28,3,221.43,664.29
579,64,4,212.08,848.32
579,94,4,293.06,1172.24
579,22,4,227.7,910.8
580,45,4,440.25,1761.0
580,35,4,444.6,1778.4
580,57,2,227.72,455.44
581,25,2,156.23,312.46
581,85,3,359.22,1077.66
581,85,4,359.22,1436.88
581,73,2,378.68,757.36
582,94,2,293.06,586.12
582,86,4,277.49,1109.96
582,18,4,285.62,1142.48
582,30,1,135.32,135.32
582,49,3,358.98,1076.94
583,34,1,262.63,262.63
583,15,4,67.68,270.72
583,41,4,394.68,1578.72
583,94,1,293.06,293.06
584,69,2,206.9,413.8
585,94,2,293.06,586.12
585,74,4,474.52,1898.08
585,94,3,293.06,879.18
586,28,3,221.43,664.29
587,75,1,350.55,350.55
587,91,2,238.2,476.4
587,10,1,118.83,118.83
587,8,1,319.71,319.71
588,12,3,156.11,468.33
588,53,2,409.85,819.7
588,38,1,163.7,163.7
589,83,1,407.82,407.82
590,19,4,260.87,1043.48
590,39,4,411.61,1646.44
591,12,2,156.11,312.22
591,96,2,320.0,640.0
591,50,2,242.52,485.04
592,47,2,86.41,172.82
592,19,4,260.87,1043.48
592,24,4,116.01,464.04
592,24,1,116.01,116.01
593,74,4,474.52,1898.08
593,25,1,156.23,156.23
594,36,3,338.01,1014.03
594,29,2,267.61,535.22
594,83,4,407.82,1631.28
594,44,4,258.39,1033.56
594,90,1,19.88,19.88
595,14,2,159.94,319.88
595,74,1,474.52,474.52
596,41,2,394.68,789.36
597,16,1,236.68,236.68
597,47,3,86.41,259.23
597,89,2,393.22,786.44
597,6,4,488.29,1953.16
597,22,4,227.7,910.8
598,80,4,150.4,601.6
598,43,2,210.8,421.6
598,98,3,120.25,360.75
599,29,4,267.61,1070.44
599,82,3,173.99,521.97
599,50,3,242.52,727.56
599,88,1,359.06,359.06
599,11,4,461.45,1845.8
600,88,2,359.06,718.12
600,92,3,204.25,612.75
600,67,2,235.35,470.7
601,8,2,319.71,639.42
601,52,3,240.3,720.9
601,9,2,215.93,431.86
602,13,2,207.43,414.86
602,43,3,210.8,632.4
602,55,1,395.78,395.78
603,74,2,474.52,949.04
603,55,1,395.78,395.78
603,92,3,204.25,612.75
603,18,3,285.62,856.86
603,63,2,302.41,604.82
604,42,3,200.31,600.93
604,92,2,204.25,408.5
605,55,1,395.78,395.78
605,100,2,101.07,202.14
605,89,1,393.22,393.22
605,47,2,86.41,172.82
605,22,2,227.7,455.4
606,89,4,393.22,1572.88
606,17,3,5.09,15.27
606,62,3,51.95,155.85
606,71,3,74.9,224.7
606,9,3,215.93,647.79
607,84,4,319.93,1279.72
607,58,4,13.99,55.96
607,4,1,135.92,135.92
607,90,2,19.88,39.76
608,67,2,235.35,470.7
608,70,3,230.78,692.34
608,74,3,474.52,1423.56
608,48,3,209.64,628.92
609,61,4,87.4,349.6
610,18,3,285.62,856.86
610,78,1,309.87,309.87
610,29,2,267.61,535.22
611,92,1,204.25,204.25
611,43,4,210.8,843.2
611,38,1,163.7,163.7
611,58,4,13.99,55.96
611,63,2,302.41,604.82
612,97,3,321.18,963.54
612,18,1,285.62,285.62
612,79,1,234.37,234.37
612,77,4,112.9,451.6
612,4,2,135.92,271.84
613,67,4,235.35,941.4
613,4,2,135.92,271.84
613,74,1,474.52,474.52
614,56,1,402.93,402.93
614,49,4,358.98,1435.92
614,89,1,393.22,393.22
614,75,1,350.55,350.55
615,74,3,474.52,1423.56
615,37,3,116.25,348.75
615,73,3,378.68,1136.04
615,58,3,13.99,41.97
615,64,2,212.08,424.16
616,68,1,136.09,136.09
616,60,1,244.64,244.64
616,35,3,444.6,1333.8
617,16,3,236.68,710.04
617,17,3,5.09,15.27
617,93,3,55.51,166.53
618,34,1,262.63,262.63
618,77,3,112.9,338.7
618,49,1,358.98,358.98
618,40,1,218.76,218.76
618,84,1,319.93,319.93
619,12,3,156.11,468.33
619,27,2,310.02,620.04
619,65,4,492.21,1968.84
619,31,1,233.71,233.71
619,34,1,262.63,262.63
620,18,4,285.62,1142.48
620,81,3,373.61,1120.83
620,15,2,67.68,135.36
620,59,3,219.65,658.95
621,97,3,321.18,963.54
621,16,2,236.68,473.36
622,17,2,5.09,10.18
623,56,2,402.93,805.86
624,63,2,302.41,604.82
625,18,1,285.62,285.62
626,14,2,159.94,319.88
627,30,4,135.32,541.28
627,59,1,219.65,219.65
627,76,2,437.31,874.62
628,83,3,407.82,1223.46
628,57,3,227.72,683.16
629,22,4,227.7,910.8
629,77,3,112.9,338.7
630,73,4,378.68,1514.72
631,95,1,379.73,379.73
632,85,3,359.22,1077.66
633,25,2,156.23,312.46
633,46,1,492.97,492.97
633,42,4,200.31,801.24
634,59,1,219.65,219.65
634,64,3,212.08,636.24
635,16,3,236.68,710.04
635,1,1,152.57,152.57
636,42,2,200.31,400.62
637,97,2,321.18,642.36
638,82,4,173.99,695.96
638,65,1,492.21,492.21
638,9,1,215.93,215.93
638,73,3,378.68,1136.04
638,5,3,332.05,996.15
639,80,3,150.4,451.2
639,68,4,136.09,544.36
640,96,2,320.0,640.0
641,82,2,173.99,347.98
641,69,3,206.9,620.7
641,53,2,409.85,819.7
642,53,4,409.85,1639.4
642,47,4,86.41,345.64
643,4,1,135.92,135.92
644,70,3,230.78,692.34
645,62,1,51.95,51.95
645,88,4,359.06,1436.24
645,91,4,238.2,952.8
645,64,1,212.08,212.08
646,99,3,75.12,225.36
646,76,1,437.31,437.31
646,54,1,373.97,373.97
646,19,4,260.87,1043.48
646,76,1,437.31,437.31
647,25,3,156.23,468.69
647,28,2,221.43,442.86
647,71,3,74.9,224.7
647,50,4,242.52,970.08
648,74,1,474.52,474.52
649,63,3,302.41,907.23
650,8,1,319.71,319.71
650,94,4,293.06,1172.24
650,80,3,150.4,451.2
650,8,3,319.71,959.13
650,42,3,200.31,600.93
651,37,3,116.25,348.75
651,40,2,218.76,437.52
651,78,1,309.87,309.87
651,1,1,152.57,152.57
652,70,1,230.78,230.78
652,87,3,431.37,1294.11
652,52,2,240.3,480.6
652,9,3,215.93,647.79
653,2,4,151.07,604.28
653,2,1,151.07,151.07
653,41,4,394.68,1578.72
654,44,4,258.39,1033.56
654,91,2,238.2,476.4
654,22,3,227.7,683.1
655,88,3,359.06,1077.18
656,36,4,338.01,1352.04
657,22,3,227.7,683.1
657,69,4,206.9,827.6
657,36,4,338.01,1352.04
657,4,2,135.92,271.84
657,89,2,393.22,786.44
658,57,3,227.72,683.16
658,5,3,332.05,996.15
658,9,2,215.93,431.86
658,80,2,150.4,300.8
659,32,2,244.3,488.6
659,63,4,302.41,1209.64
659,99,3,75.12,225.36
660,16,1,236.68,236.68
660,15,4,67.68,270.72
660,100,2,101.07,202.14
660,88,2,359.06,718.12
660,83,2,407.82,815.64
661,84,2,319.93,639.86
661,73,1,378.68,378.68
661,16,4,236.68,946.72
661,43,2,210.8,421.6
661,25,1,156.23,156.23
662,63,1,302.41,302.41
662,98,3,120.25,360.75
663,8,1,319.71,319.71
664,78,3,309.87,929.61
665,1,1,152.57,152.57
665,1,2,152.57,305.14
665,93,1,55.51,55.51
666,100,3,101.07,303.21
666,47,3,86.41,259.23
666,58,4,13.99,55.96
666,34,3,262.63,787.89
666,55,1,395.78,395.78
667,52,3,240.3,720.9
668,31,2,233.71,467.42
668,53,1,409.85,409.85
669,11,2,461.45,922.9
669,24,2,116.01,232.02
669,63,4,302.41,1209.64
669,25,4,156.23,624.92
669,68,3,136.09,408.27
670,41,2,394.68,789.36
671,2,2,151.07,302.14
671,8,2,319.71,639.42
671,82,2,173.99,347.98
671,13,3,207.43,622.29
671,82,2,173.99,347.98
672,71,2,74.9,149.8
672,86,3,277.49,832.47
672,2,2,151.07,302.14
672,95,4,379.73,1518.92
673,43,3,210.8,632.4
673,93,2,55.51,111.02
673,90,4,19.88,79.52
674,6,3,488.29,1464.87
674,12,2,156.11,312.22
674,35,2,444.6,889.2
675,89,1,393.22,393.22
675,34,2,262.63,525.26
675,20,1,460.98,460.98
676,85,4,359.22,1436.88
676,40,2,218.76,437.52
676,66,4,101.87,407.48
677,38,4,163.7,654.8
677,8,4,319.71,1278.84
678,39,4,411.61,1646.44
679,70,1,230.78,230.78
679,15,2,67.68,135.36
679,49,2,358.98,717.96
679,82,3,173.99,521.97
679,36,3,338.01,1014.03
680,10,3,118.83,356.49
680,32,4,244.3,977.2
680,22,1,227.7,227.7
681,93,2,55.51,111.02
681,18,2,285.62,571.24
682,75,1,350.55,350.55
682,81,2,373.61,747.22
682,15,3,67.68,203.04
682,34,1,262.63,262.63
682,7,2,408.98,817.96
683,100,2,101.07,202.14
683,15,1,67.68,67.68
683,11,4,461.45,1845.8
683,3,3,219.13,657.39
684,14,4,159.94,639.76
684,32,1,244.3,244.3
684,10,4,118.83,475.32
685,35,4,444.6,1778.4
686,64,1,212.08,212.08
686,23,4,21.51,86.04
686,62,4,51.95,207.8
686,74,1,474.52,474.52
686,80,3,150.4,451.2
687,25,3,156.23,468.69
687,82,4,173.99,695.96
687,72,4,412.97,1651.88
688,99,4,75.12,300.48
688,92,2,204.25,408.5
688,27,1,310.02,310.02
688,54,3,373.97,1121.91
689,79,4,234.37,937.48
690,38,3,163.7,491.1
690,15,4,67.68,270.72
690,90,3,19.88,59.64
690,67,2,235.35,470.7
691,78,2,309.87,619.74
691,65,1,492.21,492.21
691,24,2,116.01,232.02
692,70,2,230.78,461.56
692,61,1,87.4,87.4
692,75,3,350.55,1051.65
692,93,2,55.51,111.02
693,65,3,492.21,1476.63
693,29,3,267.61,802.83
693,66,4,101.87,407.48
693,59,3,219.65,658.95
694,84,3,319.93,959.79
694,58,3,13.99,41.97
695,7,4,408.98,1635.92
695,95,3,379.73,1139.19
695,95,3,379.73,1139.19
695,30,4,135.32,541.28
695,51,1,369.12,369.12
696,41,2,394.68,789.36
697,29,2,267.61,535.22
697,70,3,230.78,692.34
698,35,4,444.6,1778.4
698,41,4,394.68,1578.72
698,87,2,431.37,862.74
698,59,4,219.65,878.6
699,75,3,350.55,1051.65
699,3,2,219.13,438.26
699,30,2,135.32,270.64
700,25,4,156.23,624.92
701,37,1,116.25,116.25
702,46,2,492.97,985.94
702,50,3,242.52,727.56
702,19,3,260.87,782.61
702,58,4,13.99,55.96
702,12,1,156.11,156.11
703,68,2,136.09,272.18
704,27,1,310.02,310.02
704,78,3,309.87,929.61
704,19,3,260.87,782.61
704,17,4,5.09,20.36
704,53,2,409.85,819.7
705,20,2,460.98,921.96
705,55,2,395.78,791.56
705,51,4,369.12,1476.48
706,51,4,369.12,1476.48
706,89,1,393.22,393.22
706,92,4,204.25,817.0
707,86,3,277.49,832.47
707,51,4,369.12,1476.48
707,69,2,206.9,413.8
707,23,2,21.51,43.02
707,80,4,150.4,601.6
708,100,4,101.07,404.28
708,63,3,302.41,907.23
709,46,3,492.97,1478.91
709,83,1,407.82,407.82
710,18,4,285.62,1142.48
710,32,3,244.3,732.9
710,34,4,262.63,1050.52
710,18,1,285.62,285.62
710,64,2,212.08,424.16
711,50,4,242.52,970.08
711,60,4,244.64,978.56
711,83,3,407.82,1223.46
712,39,4,411.61,1646.44
712,53,2,409.85,819.7
712,35,3,444.6,1333.8
712,65,4,492.21,1968.84
712,63,2,302.41,604.82
713,11,4,461.45,1845.8
714,52,3,240.3,720.9
714,28,1,221.43,221.43
714,53,1,409.85,409.85
715,12,1,156.11,156.11
715,65,4,492.21,1968.84
716,53,4,409.85,1639.4
716,87,1,431.37,431.37
716,65,4,492.21,1968.84
716,93,4,55.51,222.04
716,2,1,151.07,151.07
717,46,4,492.97,1971.88
717,23,1,21.51,21.51
717,55,2,395.78,791.56
718,23,3,21.51,64.53
718,73,2,378.68,757.36
719,100,1,101.07,101.07
720,38,1,163.7,163.7
720,89,3,393.22,1179.66
720,92,4,204.25,817.0
720,97,4,321.18,1284.72
721,88,4,359.06,1436.24
721,75,2,350.55,701.1
721,2,1,151.07,151.07
721,5,1,332.05,332.05
721,87,1,431.37,431.37
722,61,4,87.4,349.6
723,71,2,74.9,149.8
723,88,4,359.06,1436.24
723,39,3,411.61,1234.83
724,53,2,409.85,819.7
724,22,1,227.7,227.7
724,71,4,74.9,299.6
724,58,4,13.99,55.96
725,19,1,260.87,260.87
725,68,4,136.09,544.36
726,70,4,230.78,923.12
726,40,2,218.76,437.52
726,16,3,236.68,710.04
726,30,1,135.32,135.32
726,16,4,236.68,946.72
727,6,3,488.29,1464.87
727,59,4,219.65,878.6
727,31,1,233.71,233.71
728,93,1,55.51,55.51
728,46,1,492.97,492.97
728,47,2,86.41,172.82
728,91,2,238.2,476.4
728,86,4,277.49,1109.96
729,63,4,302.41,1209.64
729,26,4,233.24,932.96
730,44,1,258.39,258.39
730,89,3,393.22,1179.66
730,88,2,359.06,718.12
731,21,2,372.31,744.62
732,49,4,358.98,1435.92
733,45,1,440.25,440.25
733,97,1,321.18,321.18
733,35,4,444.6,1778.4
734,35,4,444.6,1778.4
734,8,3,319.71,959.13
734,25,3,156.23,468.69
734,29,2,267.61,535.22
735,35,4,444.6,1778.4
735,84,3,319.93,959.79
736,78,1,309.87,309.87
736,69,4,206.9,827.6
736,18,2,285.62,571.24
736,82,3,173.99,521.97
737,79,3,234.37,703.11
738,73,4,378.68,1514.72
739,15,3,67.68,203.04
740,38,3,163.7,491.1
741,86,2,277.49,554.98
742,84,4,319.93,1279.72
742,89,2,393.22,786.44
743,14,1,159.94,159.94
743,41,3,394.68,1184.04
744,94,1,293.06,293.06
744,67,3,235.35,706.05
744,18,2,285.62,571.24
744,77,3,112.9,338.7
744,92,4,204.25,817.0
745,24,2,116.01,232.02
745,24,4,116.01,464.04
745,32,3,244.3,732.9
745,9,4,215.93,863.72
746,4,1,135.92,135.92
747,57,3,227.72,683.16
747,44,1,258.39,258.39
747,7,2,408.98,817.96
747,77,2,112.9,225.8
748,34,3,262.63,787.89
748,81,4,373.61,1494.44
748,93,2,55.51,111.02
749,77,4,112.9,451.6
750,88,3,359.06,1077.18
750,46,1,492.97,492.97
750,55,2,395.78,791.56
751,83,4,407.82,1631.28
751,78,3,309.87,929.61
752,9,1,215.93,215.93
752,26,2,233.24,466.48
752,34,3,262.63,787.89
753,35,1,444.6,444.6
753,77,4,112.9,451.6
753,26,2,233.24,466.48
753,12,1,156.11,156.11
754,20,1,460.98,460.98
754,31,2,233.71,467.42
754,91,3,238.2,714.6
755,90,1,19.88,19.88
755,33,2,276.97,553.94
755,40,4,218.76,875.04
755,71,1,74.9,74.9
755,41,1,394.68,394.68
756,87,3,431.37,1294.11
756,9,1,215.93,215.93
756,55,3,395.78,1187.34
757,22,4,227.7,910.8
757,33,2,276.97,553.94
757,45,3,440.25,1320.75
757,88,2,359.06,718.12
758,53,4,409.85,1639.4
758,16,1,236.68,236.68
758,28,1,221.43,221.43
759,69,3,206.9,620.7
759,39,3,411.61,1234.83
759,40,1,218.76,218.76
759,62,2,51.95,103.9
760,94,2,293.06,586.12
760,99,1,75.12,75.12
761,18,1,285.62,285.62
761,98,3,120.25,360.75
761,26,4,233.24,932.96
761,73,3,378.68,1136.04
761,29,3,267.61,802.83
762,78,1,309.87,309.87
762,23,1,21.51,21.51
762,19,3,260.87,782.61
762,2,1,151.07,151.07
762,81,4,373.61,1494.44
763,61,4,87.4,349.6
763,70,2,230.78,461.56
763,2,2,151.07,302.14
763,93,4,55.51,222.04
763,66,3,101.87,305.61
764,67,3,235.35,706.05
764,48,4,209.64,838.56
764,19,2,260.87,521.74
764,50,4,242.52,970.08
764,87,3,431.37,1294.11
765,89,2,393.22,786.44
765,86,4,277.49,1109.96
765,71,4,74.9,299.6
766,52,4,240.3,961.2
766,14,2,159.94,319.88
766,66,4,101.87,407.48
766,36,2,338.01,676.02
767,16,3,236.68,710.04
767,97,3,321.18,963.54
767,46,4,492.97,1971.88
768,29,3,267.61,802.83
768,13,4,207.43,829.72
769,34,2,262.63,525.26
769,94,3,293.06,879.18
769,34,3,262.63,787.89
769,66,2,101.87,203.74
769,57,3,227.72,683.16
770,90,1,19.88,19.88
770,94,4,293.06,1172.24
771,58,2,13.99,27.98
772,67,2,235.35,470.7
772,8,1,319.71,319.71
773,56,4,402.93,1611.72
773,50,2,242.52,485.04
773,50,3,242.52,727.56
774,71,3,74.9,224.7
774,33,4,276.97,1107.88
774,88,4,359.06,1436.24
774,76,4,437.31,1749.24
775,56,1,402.93,402.93
775,1,1,152.57,152.57
775,7,1,408.98,408.98
776,37,2,116.25,232.5
777,13,1,207.43,207.43
777,36,1,338.01,338.01
777,54,2,373.97,747.94
777,13,4,207.43,829.72
778,4,2,135.92,271.84
778,17,4,5.09,20.36
778,19,1,260.87,260.87
778,48,1,209.64,209.64
778,16,4,236.68,946.72
779,23,4,21.51,86.04
779,47,3,86.41,259.23
780,87,1,431.37,431.37
780,74,4,474.52,1898.08
780,44,2,258.39,516.78
780,55,1,395.78,395.78
780,86,1,277.49,277.49
781,71,4,74.9,299.6
781,96,1,320.0,320.0
782,54,3,373.97,1121.91
782,95,1,379.73,379.73
783,9,2,215.93,431.86
783,34,3,262.63,787.89
783,64,4,212.08,848.32
784,50,4,242.52,970.08
784,93,4,55.51,222.04
784,92,2,204.25,408.5
784,39,2,411.61,823.22
785,48,1,209.64,209.64
786,13,3,207.43,622.29
787,94,2,293.06,586.12
787,100,3,101.07,303.21
787,25,2,156.23,312.46
788,51,4,369.12,1476.48
788,54,3,373.97,1121.91
789,17,2,5.09,10.18
789,61,2,87.4,174.8
789,1,1,152.57,152.57
789,73,1,378.68,378.68
790,9,1,215.93,215.93
790,79,1,234.37,234.37
790,90,3,19.88,59.64
791,71,4,74.9,299.6
791,35,1,444.6,444.6
791,23,3,21.51,64.53
791,67,1,235.35,235.35
791,56,1,402.93,402.93
792,7,2,408.98,817.96
792,92,4,204.25,817.0
792,19,3,260.87,782.61
792,22,3,227.7,683.1
793,54,1,373.97,373.97
793,40,4,218.76,875.04
793,65,2,492.21,984.42
793,65,4,492.21,1968.84
794,56,3,402.93,1208.79
794,49,3,358.98,1076.94
795,91,1,238.2,238.2
795,21,2,372.31,744.62
795,7,1,408.98,408.98
795,96,2,320.0,640.0
796,76,2,437.31,874.62
796,48,1,209.64,209.64
796,56,4,402.93,1611.72
796,18,3,285.62,856.86
797,66,3,101.87,305.61
798,35,1,444.6,444.6
798,82,1,173.99,173.99
798,33,3,276.97,830.91
798,1,3,152.57,457.71
799,40,3,218.76,656.28
800,92,3,204.25,612.75
800,55,2,395.78,791.56
800,8,3,319.71,959.13
800,20,2,460.98,921.96
800,91,3,238.2,714.6
801,69,1,206.9,206.9
801,55,3,395.78,1187.34
802,74,2,474.52,949.04
802,33,4,276.97,1107.88
802,12,4,156.11,624.44
802,1,2,152.57,305.14
803,70,3,230.78,692.34
803,10,4,118.83,475.32
803,68,2,136.09,272.18
803,98,3,120.25,360.75
804,62,1,51.95,51.95
804,43,2,210.8,421.6
805,90,2,19.88,39.76
805,29,4,267.61,1070.44
805,95,3,379.73,1139.19
805,75,3,350.55,1051.65
805,35,3,444.6,1333.8
806,75,4,350.55,1402.2
807,56,3,402.93,1208.79
807,77,3,112.9,338.7
807,82,3,173.99,521.97
807,87,1,431.37,431.37
808,53,2,409.85,819.7
809,87,2,431.37,862.74
810,39,4,411.61,1646.44
811,67,4,235.35,941.4
812,20,3,460.98,1382.94
812,76,4,437.31,1749.24
812,78,2,309.87,619.74
812,57,4,227.72,910.88
812,45,2,440.25,880.5
813,89,2,393.22,786.44
813,6,2,488.29,976.58
814,12,1,156.11,156.11
815,52,2,240.3,480.6
815,33,2,276.97,553.94
816,51,2,369.12,738.24
816,78,2,309.87,619.74
816,27,2,310.02,620.04
816,47,4,86.41,345.64
816,46,4,492.97,1971.88
817,95,2,379.73,759.46
817,10,4,118.83,475.32
818,100,2,101.07,202.14
819,45,1,440.25,440.25
819,52,4,240.3,961.2
819,100,1,101.07,101.07
820,67,2,235.35,470.7
820,64,2,212.08,424.16
820,79,4,234.37,937.48
821,30,4,135.32,541.28
822,27,2,310.02,620.04
822,63,4,302.41,1209.64
823,20,3,460.98,1382.94
824,81,4,373.61,1494.44
824,20,1,460.98,460.98
824,94,2,293.06,586.12
825,56,2,402.93,805.86
825,47,4,86.41,345.64
826,92,1,204.25,204.25
826,2,2,151.07,302.14
826,11,4,461.45,1845.8
826,94,3,293.06,879.18
826,5,3,332.05,996.15
827,77,4,112.9,451.6
827,68,1,136.09,136.09
827,70,4,230.78,923.12
827,55,4,395.78,1583.12
828,29,3,267.61,802.83
828,76,4,437.31,1749.24
829,5,1,332.05,332.05
829,86,3,277.49,832.47
829,55,3,395.78,1187.34
830,10,1,118.83,118.83
830,83,3,407.82,1223.46
830,53,1,409.85,409.85
830,19,2,260.87,521.74
830,16,1,236.68,236.68
831,2,4,151.07,604.28
831,15,2,67.68,135.36
831,12,2,156.11,312.22
831,45,3,440.25,1320.75
832,58,3,13.99,41.97
832,80,3,150.4,451.2
833,70,3,230.78,692.34
833,17,3,5.09,15.27
833,13,4,207.43,829.72
833,63,2,302.41,604.82
834,55,2,395.78,791.56
834,82,3,173.99,521.97
834,30,2,135.32,270.64
835,15,2,67.68,135.36
835,50,4,242.52,970.08
835,74,3,474.52,1423.56
835,94,1,293.06,293.06
835,57,2,227.72,455.44
836,33,4,276.97,1107.88
836,80,3,150.4,451.2
836,44,4,258.39,1033.56
836,35,3,444.6,1333.8
836,12,3,156.11,468.33
837,46,4,492.97,1971.88
838,75,3,350.55,1051.65
838,76,4,437.31,1749.24
838,48,3,209.64,628.92
838,89,3,393.22,1179.66
839,3,4,219.13,876.52
839,44,2,258.39,516.78
839,15,4,67.68,270.72
840,1,2,152.57,305.14
840,44,2,258.39,516.78
840,15,1,67.68,67.68
840,47,4,86.41,345.64
840,24,4,116.01,464.04
841,16,3,236.68,710.04
841,75,4,350.55,1402.2
841,49,1,358.98,358.98
841,52,4,240.3,961.2
841,28,1,221.43,221.43
842,23,1,21.51,21.51
842,88,4,359.06,1436.24
842,1,1,152.57,152.57
843,47,2,86.41,172.82
843,67,1,235.35,235.35
843,63,2,302.41,604.82
844,21,4,372.31,1489.24
844,71,4,74.9,299.6
844,56,2,402.93,805.86
844,79,3,234.37,703.11
844,88,3,359.06,1077.18
845,37,3,116.25,348.75
845,69,4,206.9,827.6
845,35,2,444.6,889.2
846,52,2,240.3,480.6
847,5,3,332.05,996.15
847,37,2,116.25,232.5
847,100,2,101.07,202.14
847,88,2,359.06,718.12
847,91,2,238.2,476.4
848,16,2,236.68,473.36
848,99,1,75.12,75.12
848,81,3,373.61,1120.83
848,95,1,379.73,379.73
849,31,2,233.71,467.42
850,66,3,101.87,305.61
850,5,4,332.05,1328.2
851,78,3,309.87,929.61
851,45,4,440.25,1761.0
851,32,4,244.3,977.2
851,100,2,101.07,202.14
851,4,2,135.92,271.84
852,69,1,206.9,206.9
852,91,3,238.2,714.6
852,16,4,236.68,946.72
852,15,1,67.68,67.68
853,64,3,212.08,636.24
853,42,4,200.31,801.24
854,26,1,233.24,233.24
854,42,1,200.31,200.31
854,29,4,267.61,1070.44
855,45,1,440.25,440.25
855,84,4,319.93,1279.72
855,37,2,116.25,232.5
855,31,3,233.71,701.13
855,32,3,244.3,732.9
856,82,2,173.99,347.98
856,75,4,350.55,1402.2
856,57,4,227.72,910.88
856,22,4,227.7,910.8
856,75,1,350.55,350.55
857,8,4,319.71,1278.84
857,66,4,101.87,407.48
858,53,2,409.85,819.7
858,70,3,230.78,692.34
858,75,1,350.55,350.55
859,38,4,163.7,654.8
860,7,2,408.98,817.96
860,8,2,319.71,639.42
861,96,2,320.0,640.0
861,38,2,163.7,327.4
861,3,3,219.13,657.39
862,35,2,444.6,889.2
862,80,4,150.4,601.6
862,44,3,258.39,775.17
862,91,4,238.2,952.8
862,89,4,393.22,1572.88
863,2,2,151.07,302.14
863,24,3,116.01,348.03
864,51,2,369.12,738.24
864,48,4,209.64,838.56
865,48,3,209.64,628.92
866,41,4,394.68,1578.72
866,45,2,440.25,880.5
867,94,2,293.06,586.12
867,57,2,227.72,455.44
868,60,2,244.64,489.28
868,52,4,240.3,961.2
868,47,3,86.41,259.23
869,88,2,359.06,718.12
869,6,1,488.29,488.29
869,85,4,359.22,1436.88
870,68,4,136.09,544.36
870,42,3,200.31,600.93
870,57,3,227.72,683.16
870,58,2,13.99,27.98
871,29,4,267.61,1070.44
871,34,4,262.63,1050.52
872,32,2,244.3,488.6
872,31,4,233.71,934.84
872,52,4,240.3,961.2
873,76,1,437.31,437.31
873,91,2,238.2,476.4
873,12,3,156.11,468.33
873,65,4,492.21,1968.84
874,37,2,116.25,232.5
875,98,1,120.25,120.25
875,53,1,409.85,409.85
875,79,1,234.37,234.37
876,83,3,407.82,1223.46
876,70,2,230.78,461.56
876,51,1,369.12,369.12
876,90,4,19.88,79.52
877,45,3,440.25,1320.75
877,69,1,206.9,206.9
877,56,4,402.93,1611.72
877,95,2,379.73,759.46
878,79,3,234.37,703.11
878,80,2,150.4,300.8
878,11,3,461.45,1384.35
879,75,1,350.55,350.55
879,32,2,244.3,488.6
879,80,1,150.4,150.4
880,70,4,230.78,923.12
880,14,3,159.94,479.82
881,8,1,319.71,319.71
881,24,2,116.01,232.02
881,18,3,285.62,856.86
881,80,2,150.4,300.8
882,30,3,135.32,405.96
882,47,2,86.41,172.82
883,41,3,394.68,1184.04
884,60,1,244.64,244.64
885,37,1,116.25,116.25
885,80,1,150.4,150.4
885,26,3,233.24,699.72
885,84,3,319.93,959.79
886,46,3,492.97,1478.91
886,98,4,120.25,481.0
886,75,3,350.55,1051.65
886,74,2,474.52,949.04
887,17,2,5.09,10.18
887,13,3,207.43,622.29
887,84,1,319.93,319.93
887,99,2,75.12,150.24
887,65,1,492.21,492.21
888,69,3,206.9,620.7
889,1,1,152.57,152.57
889,42,1,200.31,200.31
889,55,4,395.78,1583.12
889,95,3,379.73,1139.19
890,69,3,206.9,620.7
890,95,1,379.73,379.73
891,95,4,379.73,1518.92
891,64,3,212.08,636.24
891,70,4,230.78,923.12
891,97,2,321.18,642.36
891,55,4,395.78,1583.12
892,58,1,13.99,13.99
892,34,2,262.63,525.26
892,49,3,358.98,1076.94
892,78,2,309.87,619.74
893,37,3,116.25,348.75
893,79,2,234.37,468.74
894,35,4,444.6,1778.4
894,3,3,219.13,657.39
894,62,1,51.95,51.95
894,84,4,319.93,1279.72
895,19,4,260.87,1043.48
895,22,1,227.7,227.7
895,20,2,460.98,921.96
895,99,1,75.12,75.12
896,81,1,373.61,373.61
896,43,1,210.8,210.8
896,5,3,332.05,996.15
897,65,1,492.21,492.21
897,59,2,219.65,439.3
897,97,4,321.18,1284.72
897,8,3,319.71,959.13
898,91,1,238.2,238.2
898,78,3,309.87,929.61
899,75,3,350.55,1051.65
900,79,4,234.37,937.48
900,18,2,285.62,571.24
900,43,4,210.8,843.2
901,20,4,460.98,1843.92
901,10,4,118.83,475.32
901,15,3,67.68,203.04
902,50,2,242.52,485.04
902,20,1,460.98,460.98
902,44,2,258.39,516.78
902,79,3,234.37,703.11
903,85,1,359.22,359.22
903,35,1,444.6,444.6
904,92,2,204.25,408.5
904,17,2,5.09,10.18
904,18,2,285.62,571.24
904,8,1,319.71,319.71
905,44,3,258.39,775.17
905,13,2,207.43,414.86
905,25,2,156.23,312.46
905,25,3,156.23,468.69
905,44,1,258.39,258.39
906,3,1,219.13,219.13
907,2,2,151.07,302.14
907,98,2,120.25,240.5
907,86,4,277.49,1109.96
908,20,4,460.98,1843.92
908,21,4,372.31,1489.24
908,43,3,210.8,632.4
908,20,2,460.98,921.96
908,16,4,236.68,946.72
909,72,4,412.97,1651.88
910,94,4,293.06,1172.24
910,97,1,321.18,321.18
910,53,1,409.85,409.85
910,1,3,152.57,457.71
911,22,1,227.7,227.7
911,43,1,210.8,210.8
911,98,2,120.25,240.5
911,7,2,408.98,817.96
911,28,4,221.43,885.72
912,40,2,218.76,437.52
912,82,2,173.99,347.98
913,41,1,394.68,394.68
913,41,4,394.68,1578.72
913,49,2,358.98,717.96
914,66,3,101.87,305.61
914,55,1,395.78,395.78
914,41,1,394.68,394.68
914,47,3,86.41,259.23
915,85,1,359.22,359.22
915,90,3,19.88,59.64
915,59,3,219.65,658.95
915,98,3,120.25,360.75
915,95,2,379.73,759.46
916,68,2,136.09,272.18
916,49,2,358.98,717.96
917,77,3,112.9,338.7
917,28,2,221.43,442.86
917,75,3,350.55,1051.65
917,83,3,407.82,1223.46
917,56,1,402.93,402.93
918,78,4,309.87,1239.48
918,69,2,206.9,413.8
918,20,2,460.98,921.96
918,73,4,378.68,1514.72
919,35,1,444.6,444.6
919,65,1,492.21,492.21
919,13,2,207.43,414.86
920,33,4,276.97,1107.88
920,79,3,234.37,703.11
920,23,4,21.51,86.04
921,76,2,437.31,874.62
921,99,4,75.12,300.48
921,83,3,407.82,1223.46
921,75,2,350.55,701.1
922,93,3,55.51,166.53
922,15,4,67.68,270.72
922,34,3,262.63,787.89
922,15,4,67.68,270.72
922,78,2,309.87,619.74
923,89,2,393.22,786.44
923,84,2,319.93,639.86
923,41,3,394.68,1184.04
924,29,2,267.61,535.22
924,94,2,293.06,586.12
924,7,2,408.98,817.96
924,87,4,431.37,1725.48
924,89,4,393.22,1572.88
925,35,3,444.6,1333.8
925,87,1,431.37,431.37
926,36,3,338.01,1014.03
926,83,3,407.82,1223.46
926,89,2,393.22,786.44
926,16,1,236.68,236.68
927,12,4,156.11,624.44
927,28,2,221.43,442.86
927,79,3,234.37,703.11
927,8,1,319.71,319.71
928,33,2,276.97,553.94
929,86,2,277.49,554.98
930,5,3,332.05,996.15
930,67,1,235.35,235.35
930,53,2,409.85,819.7
930,96,2,320.0,640.0
931,21,2,372.31,744.62
931,34,3,262.63,787.89
931,95,3,379.73,1139.19
931,55,3,395.78,1187.34
931,6,3,488.29,1464.87
932,2,2,151.07,302.14
932,7,2,408.98,817.96
933,10,4,118.83,475.32
934,50,1,242.52,242.52
934,75,3,350.55,1051.65
934,60,2,244.64,489.28
934,29,1,267.61,267.61
934,61,2,87.4,174.8
935,23,1,21.51,21.51
935,29,2,267.61,535.22
935,55,2,395.78,791.56
936,97,2,321.18,642.36
936,2,1,151.07,151.07
936,29,2,267.61,535.22
936,74,2,474.52,949.04
936,35,3,444.6,1333.8
937,92,1,204.25,204.25
937,25,4,156.23,624.92
938,12,2,156.11,312.22
938,100,2,101.07,202.14
939,75,3,350.55,1051.65
939,72,2,412.97,825.94
939,59,3,219.65,658.95
939,46,2,492.97,985.94
939,74,3,474.52,1423.56
940,72,4,412.97,1651.88
940,76,1,437.31,437.31
941,43,3,210.8,632.4
941,6,4,488.29,1953.16
941,72,3,412.97,1238.91
941,62,3,51.95,155.85
941,61,4,87.4,349.6
942,85,1,359.22,359.22
942,92,4,204.25,817.0
942,86,4,277.49,1109.96
942,12,1,156.11,156.11
942,87,3,431.37,1294.11
943,4,1,135.92,135.92
943,74,4,474.52,1898.08
944,7,2,408.98,817.96
944,15,1,67.68,67.68
945,41,3,394.68,1184.04
945,71,2,74.9,149.8
945,94,4,293.06,1172.24
946,63,3,302.41,907.23
946,29,3,267.61,802.83
946,81,3,373.61,1120.83
947,93,2,55.51,111.02
947,16,3,236.68,710.04
948,18,4,285.62,1142.48
948,100,2,101.07,202.14
949,93,4,55.51,222.04
949,72,3,412.97,1238.91
950,62,3,51.95,155.85
950,11,2,461.45,922.9
951,88,2,359.06,718.12
952,57,4,227.72,910.88
952,39,4,411.61,1646.44
952,62,4,51.95,207.8
952,38,4,163.7,654.8
953,52,4,240.3,961.2
953,43,3,210.8,632.4
953,82,3,173.99,521.97
953,59,3,219.65,658.95
953,72,2,412.97,825.94
954,87,4,431.37,1725.48
954,47,3,86.41,259.23
955,73,3,378.68,1136.04
956,38,1,163.7,163.7
956,48,3,209.64,628.92
957,10,3,118.83,356.49
957,71,1,74.9,74.9
957,29,2,267.61,535.22
957,99,3,75.12,225.36
957,17,3,5.09,15.27
958,51,4,369.12,1476.48
958,99,3,75.12,225.36
959,51,3,369.12,1107.36
960,95,2,379.73,759.46
960,100,1,101.07,101.07
961,24,4,116.01,464.04
961,33,1,276.97,276.97
961,40,2,218.76,437.52
961,53,3,409.85,1229.55
961,29,1,267.61,267.61
962,87,1,431.37,431.37
962,78,3,309.87,929.61
962,80,1,150.4,150.4
962,31,3,233.71,701.13
962,7,3,408.98,1226.94
963,31,2,233.71,467.42
963,34,1,262.63,262.63
963,45,1,440.25,440.25
964,28,4,221.43,885.72
964,18,1,285.62,285.62
964,51,1,369.12,369.12
965,23,4,21.51,86.04
965,49,2,358.98,717.96
965,66,4,101.87,407.48
965,18,3,285.62,856.86
965,34,2,262.63,525.26
966,25,4,156.23,624.92
966,76,1,437.31,437.31
966,73,2,378.68,757.36
966,38,3,163.7,491.1
966,63,3,302.41,907.23
967,14,4,159.94,639.76
967,60,3,244.64,733.92
967,6,2,488.29,976.58
967,47,2,86.41,172.82
968,30,4,135.32,541.28
968,97,2,321.18,642.36
968,2,3,151.07,453.21
968,45,3,440.25,1320.75
968,66,3,101.87,305.61
969,24,2,116.01,232.02
969,100,2,101.07,202.14
969,59,1,219.65,219.65
969,98,4,120.25,481.0
970,64,1,212.08,212.08
970,71,3,74.9,224.7
971,94,3,293.06,879.18
971,87,4,431.37,1725.48
971,46,4,492.97,1971.88
971,35,1,444.6,444.6
971,44,4,258.39,1033.56
972,87,2,431.37,862.74
972,33,1,276.97,276.97
972,14,2,159.94,319.88
973,29,3,267.61,802.83
973,74,2,474.52,949.04
973,89,2,393.22,786.44
974,44,1,258.39,258.39
975,41,3,394.68,1184.04
975,22,4,227.7,910.8
976,86,3,277.49,832.47
977,65,3,492.21,1476.63
977,95,2,379.73,759.46
977,2,2,151.07,302.14
977,25,4,156.23,624.92
978,94,4,293.06,1172.24
978,47,1,86.41,86.41
978,56,1,402.93,402.93
978,12,1,156.11,156.11
978,11,2,461.45,922.9
979,20,1,460.98,460.98
979,18,4,285.62,1142.48
980,48,1,209.64,209.64
981,91,2,238.2,476.4
981,88,3,359.06,1077.18
981,90,3,19.88,59.64
981,53,1,409.85,409.85
982,26,2,233.24,466.48
982,63,4,302.41,1209.64
982,53,2,409.85,819.7
982,43,2,210.8,421.6
983,21,4,372.31,1489.24
984,26,3,233.24,699.72
985,61,2,87.4,174.8
985,87,1,431.37,431.37
985,60,1,244.64,244.64
986,2,2,151.07,302.14
986,32,3,244.3,732.9
987,55,1,395.78,395.78
988,27,4,310.02,1240.08
988,6,2,488.29,976.58
988,41,1,394.68,394.68
989,38,3,163.7,491.1
989,72,2,412.97,825.94
989,12,4,156.11,624.44
990,87,4,431.37,1725.48
991,12,3,156.11,468.33
991,41,2,394.68,789.36
991,70,4,230.78,923.12
992,15,1,67.68,67.68
993,38,2,163.7,327.4
994,60,4,244.64,978.56
994,48,2,209.64,419.28
994,32,1,244.3,244.3
994,97,2,321.18,642.36
995,30,2,135.32,270.64
995,76,2,437.31,874.62
995,35,2,444.6,889.2
995,98,3,120.25,360.75
996,75,2,350.55,701.1
997,22,3,227.7,683.1
997,4,4,135.92,543.68
997,68,2,136.09,272.18
998,79,2,234.37,468.74
998,89,4,393.22,1572.88
998,72,1,412.97,412.97
998,51,2,369.12,738.24
998,80,4,150.4,601.6
999,33,1,276.97,276.97
999,19,3,260.87,782.61
1000,73,3,378.68,1136.04
